family,genus,species,subspecies,chromostome_number_2n,ploidy_level_x,dna_amount_1c_pg,c_value_reference,c_value_note
Acoraceae,Acorus,Acorus calamus,NA,36,4,0.54,smarda_ecological_2014,
Adoxaceae,Viburnum,Viburnum lantana,NA,18,2,4.09,pustahija_small_2013,
Altingiaceae,Liquidambar,Liquidambar styraciflua,NA,NA,NA,NA,NA,
Amaranthaceae,Beta,Beta vulgaris,NA,NA,NA,0.92,barow_endopolyploidy_2003,
Amaranthaceae,Chenopodium,Chenopodium album,NA,18,2,0.77,ohri_unpublished_2002,Ohri personal comunication; I used the 2X ploidy
Amaranthaceae,Kochia,Kochia prostrata,NA,NA,NA,NA,NA,
Amaranthaceae,Noaea,Noaea mucronata,NA,NA,NA,NA,NA,
Amaranthaceae,Spinacia,Spinacia oleracea,cv. Greenmarket,12,2,1,barlow_1981,Barlow personal communication
Amaryllidaceae,Allium,Allium atroviolaceum,NA,NA,NA,NA,NA,
Amaryllidaceae,Allium,Allium polyrhizum,NA,NA,NA,NA,NA,
Amaryllidaceae,Allium,Allium rubellum,NA,NA,NA,NA,NA,
Anacardiaceae,Cotinus,Cotinus coggygria,NA,30,NA,0.33,pustahija_small_2013,
Anacardiaceae,Pistacia,Pistacia atlantica,NA,NA,NA,NA,NA,
Anacardiaceae,Pistacia,Pistacia chinensis,NA,NA,NA,NA,NA,
Anacardiaceae,Rhus,Rhus coriaria,NA,NA,NA,NA,NA,
Anacardiaceae,Rhus,Rhus lancea,NA,NA,NA,NA,NA,
Anacardiaceae,Schinus,Schinus molle,NA,NA,NA,NA,NA,
Apiaceae,Albovia,Albovia tripartita,NA,NA,NA,NA,NA,
Apiaceae,Bupleurum,Bupleurum falcatum,NA,16,2,2.9,das_karyotype_1993,
Apiaceae,Bupleurum,Bupleurum gerardii,NA,NA,NA,NA,NA,
Apiaceae,Carum,Carum carvi,cv. KBI 1434,20,2,4.8,das_genome_1991,
Apiaceae,Caucalis,Caucalis platycarpos,NA,NA,NA,NA,NA,
Apiaceae,Centella,Centella asiatica,NA,NA,NA,NA,NA,
Apiaceae,Chaerophyllum,Chaerophyllum aureum,NA,NA,NA,NA,NA,
Apiaceae,Cymbocarpum,Cymbocarpum anethoides,NA,NA,NA,NA,NA,
Apiaceae,Daucus,Daucus broteri,NA,20,2,1.11,nowicka_nuclear_2016,
Apiaceae,Eryngium,Eryngium caucasicum,NA,NA,NA,NA,NA,
Apiaceae,Falcaria,Falcaria vulgaris,NA,NA,NA,NA,NA,
Apiaceae,Heracleum,Heracleum pastinacifolium,NA,NA,NA,NA,NA,
Apiaceae,Heracleum,Heracleum persicum,NA,NA,NA,NA,NA,
Apiaceae,Laser,Laser trilobum,NA,NA,NA,NA,NA,
Apiaceae,Peucedanum,Peucedanum caucasicum,NA,NA,NA,NA,NA,
Apiaceae,Pimpinella,Pimpinella aurea,NA,NA,NA,NA,NA,
Apiaceae,Pimpinella,Pimpinella tragium,NA,NA,NA,NA,NA,
Apiaceae,Prangos,Prangos ferulacea,NA,NA,NA,NA,NA,
Apiaceae,Sanicula,Sanicula europaea,NA,16,2,1.22,pustahija_small_2013,
Apiaceae,Saposhnikovia,Saposhnikovia divaricata,NA,NA,NA,NA,NA,
Apiaceae,Seseli,Seseli peucedanoides,NA,NA,NA,NA,NA,
Apiaceae,Trinia,Trinia leiogona,NA,NA,NA,NA,NA,
Apocynaceae,Allamanda,Allamanda cathartica,NA,NA,NA,NA,NA,
Apocynaceae,Carissa,Carissa spinarum,NA,NA,NA,NA,NA,
Apocynaceae,Cascabela,Cascabela thevetia,NA,NA,NA,NA,NA,
Apocynaceae,Catharanthus,Catharanthus pusillus,NA,NA,NA,NA,NA,
Apocynaceae,Catharanthus,Catharanthus roseus,NA,NA,NA,2.4,galbraith_rapid_1983,
Apocynaceae,Cynanchum,Cynanchum mongolicum,NA,NA,NA,NA,NA,
Apocynaceae,Ervatamia,Ervatamia divaricata,NA,NA,NA,NA,NA,
Apocynaceae,Plumeria,Plumeria rubra,NA,NA,NA,NA,NA,
Apocynaceae,Rauvolfia,Rauvolfia tetraphylla,NA,NA,NA,NA,NA,
Apocynaceae,Vallaris,Vallaris solanacea,NA,NA,NA,NA,NA,
Apocynaceae,Wrightia,Wrightia tinctoria,NA,NA,NA,NA,NA,
Araliaceae,Hedera,Hedera helix,NA,48,4,1.5,konig_dna_1987,
Arecaceae,Archontophoenix,Archontophoenix cunninghamiana,NA,32,2,4.7,roser_nuclear_2014,
Arecaceae,Phoenix,Phoenix canariensis,NA,36,2,0.9,roser_nuclear_2014,
Arecaceae,Syagrus,Syagrus romanzoffiana,NA,32,2,3.1,roser_nuclear_2014,
Arecaceae,Washingtonia,Washingtonia robusta,NA,NA,NA,NA,NA,
Asparagaceae,Asparagus,Asparagus officinalis,NA,40,4,3.2,smarda_ecological_2014,
Asparagaceae,Bellevalia,Bellevalia fominii,NA,NA,NA,NA,NA,
Asparagaceae,Cordyline,Cordyline fruticosa,NA,38,2,0.69,smarda_ecological_2014,
Asparagaceae,Muscari,Muscari neglectum,NA,NA,NA,NA,NA,
Asparagaceae,Polygonatum,Polygonatum orientale,NA,NA,NA,NA,NA,
Asparagaceae,Scilla,Scilla mischtschenkoana,NA,12,2,21.6,greilhuber_evolutionary_1982,
Asphodelaceae,Asphodeline,Asphodeline dendroides,NA,NA,NA,NA,NA,
Asteraceae,Achillea,Achillea biebersteinii,NA,18,2,2.6,dabrowska_chromosome_1992,
Asteraceae,Achillea,Achillea millefolium,NA,54,6,7.7,dabrowska_chromosome_1992,
Asteraceae,Acmella,Acmella repens,NA,NA,NA,NA,NA,
Asteraceae,Acourtia,Acourtia cordata,NA,NA,NA,NA,NA,
Asteraceae,Adenostyles,Adenostyles glabra,NA,NA,NA,NA,NA,
Asteraceae,Ageratina,Ageratina cylindrica,NA,NA,NA,NA,NA,
Asteraceae,Ageratina,Ageratina pichinchensis,NA,NA,NA,NA,NA,
Asteraceae,Ambrosia,Ambrosia psilostachya,NA,NA,NA,NA,NA,
Asteraceae,Anthemis,Anthemis triumfettii,NA,NA,NA,NA,NA,
Asteraceae,Aposeris,Aposeris foetida,NA,NA,NA,NA,NA,
Asteraceae,Argyroxiphium,Argyroxiphium grayanum,NA,NA,NA,NA,NA,
Asteraceae,Artemisia,Artemisia absinthium,NA,18,2,4.71,pustahija_small_2013,
Asteraceae,Artemisia,Artemisia armeniaca,NA,NA,NA,NA,NA,
Asteraceae,Artemisia,Artemisia chamaemelifolia,NA,18,2,3.02,torrell_genome_2001,
Asteraceae,Artemisia,Artemisia fragrans,NA,18,2,2.68,torrell_genome_2001,
Asteraceae,Artemisia,Artemisia parviflora,NA,NA,NA,NA,NA,
Asteraceae,Artemisia,Artemisia scoparia,NA,16,2,1.77,garcia_variation_2004,
Asteraceae,Artemisia,Artemisia splendens,NA,32,4,6.8,torrell_genome_2001,
Asteraceae,Aster,Aster bellidiastrum,NA,18,NA,1.75,kubesova_naturalized_2010,
Asteraceae,Baccharis,Baccharis pteronioides,NA,NA,NA,NA,NA,
Asteraceae,Baccharis,Baccharis salicifolia,NA,NA,NA,NA,NA,
Asteraceae,Baccharis,Baccharis sordescens,NA,NA,NA,NA,NA,
Asteraceae,Barkleyanthus,Barkleyanthus salicifolius,NA,NA,NA,NA,NA,
Asteraceae,Bidens,Bidens bigelovii,NA,NA,NA,NA,NA,
Asteraceae,Bidens,Bidens odorata,NA,NA,NA,NA,NA,
Asteraceae,Bidens,Bidens pilosa,NA,NA,NA,1.7,bennett_unpublished_1997,"Unpublished values from the Jodrell Laboratory, Royal Botanic Gardens, Kew."
Asteraceae,Buphthalmum,Buphthalmum salicifolium,NA,20,2,2.49,temsch_heavy_2010,
Asteraceae,Calendula,Calendula,NA,NA,NA,NA,NA,
Asteraceae,Carduus,Carduus defloratus,NA,18,NA,0.98,garcia_variation_2004,
Asteraceae,Carduus,Carduus pycnocephalus,NA,NA,NA,4.3,maranon_physiological_1993,
Asteraceae,Carduus,Carduus seminudus,NA,NA,NA,NA,NA,
Asteraceae,Carduus,Carduus thoermeri,NA,NA,NA,NA,NA,
Asteraceae,Carthamus,Carthamus lanatus,NA,44,4,2.4,garnatje_genome_2006,
Asteraceae,Centaurea,Centaurea aziziana,NA,NA,NA,NA,NA,
Asteraceae,Centaurea,Centaurea jacea,NA,22,NA,2.05,garcia_new_2013,
Asteraceae,Centaurea,Centaurea macrocephala,NA,NA,NA,NA,NA,
Asteraceae,Centaurea,Centaurea montana,NA,22,2,1.38,siljak-yakovlev_towards_2010,
Asteraceae,Centaurea,Centaurea rhizantha,NA,NA,NA,NA,NA,
Asteraceae,Centaurea,Centaurea solstitialis,NA,16,2,0.87,bancheva_genome_2006,
Asteraceae,Centaurea,Centaurea sosnovskyi,NA,NA,NA,NA,NA,
Asteraceae,Centaurea,Centaurea zuvandica,NA,NA,NA,NA,NA,
Asteraceae,Chrysanthemum,Chrysanthemum frutescens,NA,NA,NA,NA,NA,
Asteraceae,Cineraria,Cineraria cruenta,NA,NA,NA,NA,NA,
Asteraceae,Cirsium,Cirsium echinus,NA,NA,NA,NA,NA,
Asteraceae,Cirsium,Cirsium osseticum,NA,NA,NA,NA,NA,
Asteraceae,Cirsium,Cirsium vulgare,NA,68,4,2.77,bures_genome_2004,
Asteraceae,Conyza,Conyza bonariensis,NA,18,NA,2.09,garcia_new_2013,
Asteraceae,Conyza,Conyza canadensis,NA,NA,2,0.45,kubesova_naturalized_2010,
Asteraceae,Conyza,Conyza coronopifolia,NA,NA,NA,NA,NA,
Asteraceae,Coreopsis,Coreopsis basalis,NA,NA,NA,NA,NA,
Asteraceae,Cosmos,Cosmos bipinnatus,NA,24,2,1.5,ohri_variation_1988,
Asteraceae,Cosmos,Cosmos parviflorus,NA,NA,NA,NA,NA,
Asteraceae,Cousinia,Cousinia belangeri,NA,NA,NA,NA,NA,
Asteraceae,Crepis,Crepis foetida,NA,10,2,2,brown_unpublished_1975,"Brown L,  Jones N (pers. comm. 1975)"
Asteraceae,Crepis,Crepis sancta,NA,10,2,2.09,dimitrova_karyotype_2000,
Asteraceae,Crupina,Crupina crupinastrum,NA,NA,NA,NA,NA,
Asteraceae,Dahlia,Dahlia coccinea,NA,32,4,2.17,temsch_genome_2008,used tetraploid
Asteraceae,Doronicum,Doronicum hyrcanum,NA,NA,NA,NA,NA,
Asteraceae,Dubautia,Dubautia ciliolata subsp. ciliolata,NA,NA,NA,NA,NA,
Asteraceae,Dubautia,Dubautia knudsenii subsp. knudsenii,NA,NA,NA,NA,NA,
Asteraceae,Dubautia,Dubautia scabra subsp. leiophylla,NA,NA,NA,NA,NA,
Asteraceae,Dubautia,Dubautia scabra subsp. scabra,NA,NA,NA,NA,NA,
Asteraceae,Dyssodia,Dyssodia papposa,NA,NA,NA,NA,NA,
Asteraceae,Erigeron,Erigeron acer,NA,18,NA,1.38,garcia_new_2013,
Asteraceae,Erigeron,Erigeron canadensis,NA,NA,NA,NA,NA,
Asteraceae,Filago,Filago pyramidata,NA,28,2,0.67,andres-sanchez_genome_2013,
Asteraceae,Florestina,Florestina pedata,NA,NA,NA,NA,NA,
Asteraceae,Galinsoga,Galinsoga parviflora,NA,16,2,0.76,pustahija_small_2013,
Asteraceae,Helianthus,Helianthus annuus,line HA 412 H0,34,2,3.67,sanchez_genome_2014,
Asteraceae,Helichrysum,Helichrysum plicatum,NA,NA,NA,NA,NA,
Asteraceae,Heterosperma,Heterosperma pinnatum,NA,NA,NA,NA,NA,
Asteraceae,Hieracium,Hieracium pilosella,NA,18,2,3.89,siljak-yakovlev_towards_2010,
Asteraceae,Hieracium,Hieracium procerum,NA,NA,NA,NA,NA,
Asteraceae,Inula,Inula oculus-christi,NA,NA,NA,NA,NA,
Asteraceae,Inula,Inula vulgaris,NA,NA,NA,NA,NA,
Asteraceae,Jaegeria,Jaegeria hirta,NA,NA,NA,NA,NA,
Asteraceae,Koelpinia,Koelpinia linearis,NA,NA,NA,NA,NA,
Asteraceae,Lactuca,Lactuca serriola,NA,18,NA,2.66,garcia_new_2013,
Asteraceae,Laennecia,Laennecia sophiifolia,NA,NA,NA,NA,NA,
Asteraceae,Lagascea,Lagascea rigida,NA,NA,NA,NA,NA,
Asteraceae,Lapsana,Lapsana communis,NA,12,2,1.2,band_unpublished_1984,Band SR. (pers. comm. 1984).
Asteraceae,Leontodon,Leontodon asperrimus,NA,NA,NA,NA,NA,
Asteraceae,Leucanthemum,Leucanthemum vulgare,NA,NA,NA,NA,NA,
Asteraceae,Ligularia,Ligularia sagitta,NA,NA,NA,NA,NA,
Asteraceae,Ligularia,Ligularia virgaurea,NA,NA,NA,NA,NA,
Asteraceae,Melampodium,Melampodium longifolium,NA,NA,NA,NA,NA,
Asteraceae,Montanoa,Montanoa grandiflora,NA,NA,NA,NA,NA,
Asteraceae,Pectis,Pectis prostrata,NA,NA,NA,NA,NA,
Asteraceae,Picris,Picris echioides,NA,NA,NA,NA,NA,
Asteraceae,Piqueria,Piqueria trinervia,NA,NA,NA,NA,NA,
Asteraceae,Pittocaulon,Pittocaulon praecox,NA,NA,NA,NA,NA,
Asteraceae,Pseudognaphalium,Pseudognaphalium viscosum,NA,NA,NA,NA,NA,
Asteraceae,Roldana,Roldana lobata,NA,NA,NA,NA,NA,
Asteraceae,Saussurea,Saussurea glanduligera,NA,NA,NA,NA,NA,
Asteraceae,Saussurea,Saussurea globosa,NA,NA,NA,NA,NA,
Asteraceae,Saussurea,Saussurea graminifolia,NA,NA,NA,NA,NA,
Asteraceae,Saussurea,Saussurea hieracioides,NA,NA,NA,NA,NA,
Asteraceae,Saussurea,Saussurea medusa,NA,NA,NA,NA,NA,
Asteraceae,Saussurea,Saussurea nivea,NA,NA,NA,NA,NA,
Asteraceae,Schkuhria,Schkuhria pinnata,NA,NA,NA,NA,NA,
Asteraceae,Scorzonera,Scorzonera laciniata,NA,NA,NA,NA,NA,
Asteraceae,Senecio,Senecio mikanioides,NA,NA,NA,NA,NA,
Asteraceae,Senecio,Senecio petasitis,NA,NA,NA,NA,NA,
Asteraceae,Serratula,Serratula centauroides,NA,NA,NA,NA,NA,
Asteraceae,Serratula,Serratula quinquefolia,NA,NA,NA,NA,NA,
Asteraceae,Solidago,Solidago altissima,NA,NA,NA,NA,NA,
Asteraceae,Solidago,Solidago canadensis,subsp. canadensis,18,NA,0.98,garcia_new_2013,
Asteraceae,Solidago,Solidago gigantea,NA,NA,4,1.82,kubesova_naturalized_2010,
Asteraceae,Solidago,Solidago graminifolia,NA,NA,NA,0.88,sliwinska_genome_2007,
Asteraceae,Solidago,Solidago vigaurea,NA,NA,NA,NA,NA,
Asteraceae,Sonchus,Sonchus asper,NA,18,NA,0.69,garcia_new_2013,
Asteraceae,Stevia,Stevia origanoides,NA,NA,NA,NA,NA,
Asteraceae,Stevia,Stevia salicifolia,NA,NA,NA,NA,NA,
Asteraceae,Tagetes,Tagetes micrantha,NA,NA,NA,NA,NA,
Asteraceae,Tagetes,Tagetes tenuifolia,NA,NA,NA,NA,NA,
Asteraceae,Tanacetum,Tanacetum chiliophyllum,NA,NA,NA,NA,NA,
Asteraceae,Tanacetum,Tanacetum graminifolium,NA,NA,NA,NA,NA,
Asteraceae,Tanacetum,Tanacetum parthenium,NA,NA,NA,NA,NA,
Asteraceae,Taraxacum,Taraxacum mongolicum,NA,NA,NA,NA,NA,
Asteraceae,Taraxacum,Taraxacum officinale,NA,16,NA,1.28,vidic_selective_2009,diploid
Asteraceae,Tithonia,Tithonia tubaeformis,NA,NA,NA,NA,NA,
Asteraceae,Tragopogon,Tragopogon kemulariae,NA,NA,NA,NA,NA,
Asteraceae,Tragopogon,Tragopogon pterocarpus,NA,NA,NA,NA,NA,
Asteraceae,Tragopogon,Tragopogon reticulatus,NA,NA,NA,NA,NA,
Asteraceae,Verbesina,Verbesina virgata,NA,NA,NA,NA,NA,
Asteraceae,Wilkesia,Wilkesia gymnoxiphium,NA,NA,NA,NA,NA,
Asteraceae,Xeranthemum,Xeranthemum annuum,NA,12,2,1.07,garnatje_genome_2004,
Asteraceae,Zinnia,Zinnia peruviana,NA,NA,NA,NA,NA,
Balsaminaceae,Impatiens,Impatiens sultani,NA,NA,NA,NA,NA,
Begoniaceae,Begonia,Begonia coccinea,NA,NA,NA,0.56,gustafson_genome_2009,
Betulaceae,Alnus,Alnus rhombifolia,NA,NA,NA,NA,NA,
Betulaceae,Betula,Betula fruticosa,NA,NA,NA,NA,NA,
Betulaceae,Betula,Betula pendula,subsp. mandshurica (Reg.) Nakai,28,2,0.49,wang_molecular_2016,
Betulaceae,Carpinus,Carpinus betulus,NA,NA,NA,1.03,siljak-yakovlev_towards_2010,
Betulaceae,Corylus,Corylus avellana,NA,22,2,0.43,pustahija_small_2013,
Bignoniaceae,Handroanthus,Handroanthus impetiginosus,NA,40,2,0.51,collevatti_clues_2016,
Bignoniaceae,Jacaranda,Jacaranda mimosifolia,NA,36,2,0.58,collevatti_clues_2016,
Boraginaceae,Asperugo,Asperugo procumbens,NA,NA,NA,0.33,bou_dagher-harrat_nuclear_2013,
Boraginaceae,Buglossoides,Buglossoides arvensis,NA,NA,NA,NA,NA,
Boraginaceae,Heliotropium,Heliotropium ellipticum,NA,NA,NA,NA,NA,
Boraginaceae,Heliotropium,Heliotropium peruvianum,NA,NA,NA,NA,NA,
Boraginaceae,Lappula,Lappula barbata,NA,NA,NA,NA,NA,
Boraginaceae,Myosotis,Myosotis silvatica,NA,NA,NA,NA,NA,
Boraginaceae,Onosma,Onosma dichroanthum,NA,NA,NA,NA,NA,
Boraginaceae,Onosma,Onosma microcarpum,NA,NA,NA,NA,NA,
Boraginaceae,Symphytum,Symphytum asperum,NA,NA,NA,NA,NA,
Brassicaceae,Alliaria,Alliaria petiolata,NA,NA,NA,1.35,barow_endopolyploidy_2003,
Brassicaceae,Alyssum,Alyssum desertorum,NA,NA,NA,NA,NA,
Brassicaceae,Alyssum,Alyssum linifolium,NA,NA,NA,NA,NA,
Brassicaceae,Alyssum,Alyssum longistylum,NA,NA,NA,NA,NA,
Brassicaceae,Alyssum,Alyssum minutum,NA,NA,NA,NA,NA,
Brassicaceae,Alyssum,Alyssum sibiricum,NA,NA,NA,NA,NA,
Brassicaceae,Alyssum,Alyssum strigosum,NA,NA,NA,NA,NA,
Brassicaceae,Arabidopsis,Arabidopsis thaliana,ecotype Columbia,10,2,0.16,bennett_comparisons_2003,
Brassicaceae,Arabis,Arabis sagittata,NA,NA,NA,NA,NA,
Brassicaceae,Christolea,Christolea crassifolia,NA,14,2,1.41,lysak_dynamic_2008,
Brassicaceae,Clypeola,Clypeola jonthlaspi,NA,NA,NA,NA,NA,
Brassicaceae,Erysimum,Erysimum subulatum,NA,NA,NA,NA,NA,
Brassicaceae,Hesperis,Hesperis hyrcana,NA,NA,NA,NA,NA,
Brassicaceae,Neslia,Neslia apiculata,NA,NA,NA,NA,NA,
Brassicaceae,Rapistrum,Rapistrum rugosum,NA,NA,NA,NA,NA,
Brassicaceae,Sterigmostemum,Sterigmostemum contortuplicatum,NA,NA,NA,NA,NA,
Brassicaceae,Thlaspi,Thlaspi arvense,NA,14,2,0.52,lysak_dynamic_2008,
Brassicaceae,Turritis,Turritis glabra,NA,12,2,0.24,lysak_dynamic_2008,
Campanulaceae,Campanula,Campanula glomerata,NA,NA,NA,1.81,siljak-yakovlev_towards_2010,
Campanulaceae,Campanula,Campanula hohenackeri,NA,NA,NA,NA,NA,
Campanulaceae,Campanula,Campanula rapunculoides,NA,NA,NA,3.98,siljak-yakovlev_towards_2010,
Campanulaceae,Campanula,Campanula scheuchzeri,NA,NA,NA,NA,NA,
Campanulaceae,Campanula,Campanula stevenii,NA,NA,NA,NA,NA,
Campanulaceae,Phyteuma,Phyteuma orbiculare,NA,NA,NA,NA,NA,
Cannabaceae,Celtis,Celtis caucasica,NA,NA,NA,NA,NA,
Caprifoliaceae,Cephalaria,Cephalaria hirsuta,NA,NA,NA,NA,NA,
Caprifoliaceae,Knautia,Knautia dipsacifolia,NA,NA,NA,NA,NA,
Caprifoliaceae,Lonicera,Lonicera caucasica,NA,NA,NA,NA,NA,
Caprifoliaceae,Lonicera,Lonicera iberica,NA,NA,NA,NA,NA,
Caprifoliaceae,Scabiosa,Scabiosa amoena,NA,NA,NA,NA,NA,
Caprifoliaceae,Scabiosa,Scabiosa caucasica,NA,NA,NA,NA,NA,
Caprifoliaceae,Scabiosa,Scabiosa columbaria,NA,16,2,0.94,pustahija_small_2013,
Caprifoliaceae,Scabiosa,Scabiosa crinita,NA,NA,NA,NA,NA,
Caprifoliaceae,Scabiosa,Scabiosa olivieri,NA,NA,NA,NA,NA,
Caprifoliaceae,Scabiosa,Scabiosa persica,NA,NA,NA,NA,NA,
Caprifoliaceae,Valeriana,Valeriana montana,NA,32,4,1.3,hidalgo_genome_2010,
Caprifoliaceae,Valerianella,Valerianella dactylophylla,NA,NA,NA,3.59,bou_dagher-harrat_nuclear_2013,
Caprifoliaceae,Valerianella,Valerianella lasiocarpa,NA,NA,NA,NA,NA,
Caryophyllaceae,Arenaria,Arenaria dianthoides,NA,NA,NA,NA,NA,
Caryophyllaceae,Arenaria,Arenaria gypsophiloides,NA,NA,NA,NA,NA,
Caryophyllaceae,Arenaria,Arenaria serpyllifolia,NA,40,4,0.8,band_unpublished_1984,Band SR. (pers. comm. 1984).
Caryophyllaceae,Cerastium,Cerastium glomeratum,NA,NA,NA,NA,NA,
Caryophyllaceae,Cerastium,Cerastium holosteoides,NA,NA,NA,NA,NA,
Caryophyllaceae,Cerastium,Cerastium szowitsii,NA,NA,NA,NA,NA,
Caryophyllaceae,Dianthus,Dianthus cretaceus,NA,NA,NA,NA,NA,
Caryophyllaceae,Dianthus,Dianthus crinitus,NA,NA,NA,NA,NA,
Caryophyllaceae,Gypsophila,Gypsophila elegans,NA,NA,NA,NA,NA,
Caryophyllaceae,Herniaria,Herniaria hirsuta,NA,NA,NA,NA,NA,
Caryophyllaceae,Herniaria,Herniaria incana,NA,NA,NA,NA,NA,
Caryophyllaceae,Minuartia,Minuartia acuminata,NA,NA,NA,NA,NA,
Caryophyllaceae,Minuartia,Minuartia lineata,NA,NA,NA,NA,NA,
Caryophyllaceae,Minuartia,Minuartia recurva,NA,NA,NA,NA,NA,
Caryophyllaceae,Silene,Silene persica,NA,NA,NA,NA,NA,
Caryophyllaceae,Silene,Silene ruprechtii,NA,NA,NA,NA,NA,
Caryophyllaceae,Silene,Silene spergulifolia,NA,NA,NA,NA,NA,
Caryophyllaceae,Stellaria,Stellaria media,NA,42,7,1,bennett_nuclear_1972,
Celastraceae,Maytenus,Maytenus boaria,NA,NA,NA,NA,NA,
Celastraceae,Parnassia,Parnassia palustris,NA,NA,NA,1.18,siljak-yakovlev_towards_2010,
Cistaceae,Fumana,Fumana procumbens,NA,NA,NA,NA,NA,
Cistaceae,Helianthemum,Helianthemum ledifolium,NA,NA,NA,2.4,bou_dagher-harrat_nuclear_2013,
Cistaceae,Helianthemum,Helianthemum nummularium,NA,20,4,2.2,mowforth_variation_1985,
Cistaceae,Helianthemum,Helianthemum salicifolium,NA,NA,NA,NA,NA,
Commelinaceae,Tradescantia,Tradescantia zebrina,NA,NA,NA,18.05,zonneveld_first_2005,
Convolvulaceae,Convolvulus,Convolvulus arvensis,NA,24,NA,0.67,pustahija_small_2013,
Convolvulaceae,Convolvulus,Convolvulus cantabrica,NA,22,NA,1.11,pustahija_small_2013,
Convolvulaceae,Convolvulus,Convolvulus lineatus,NA,NA,NA,NA,NA,
Cornaceae,Cornus,Cornus australis,NA,NA,NA,NA,NA,
Cornaceae,Cornus,Cornus mas,NA,NA,NA,3.4,zonneveld_first_2005,
Crassulaceae,Sedum,Sedum album,NA,34,2,0.15,hart_evolution_1991,
Crassulaceae,Sedum,Sedum athoum,NA,NA,NA,NA,NA,
Crassulaceae,Sedum,Sedum micranthum,NA,NA,NA,NA,NA,
Crassulaceae,Sedum,Sedum serpentini,NA,NA,NA,NA,NA,
Crassulaceae,Sedum,Sedum spurium,NA,28,4,1.77,hart_biosystematic_1993,used tetraploid
Crassulaceae,Sedum,Sedum subulatum,NA,NA,NA,NA,NA,
Cucurbitaceae,Cucurbita,Cucurbita pepo,NA,40,4,0.54,arumuganathan_nuclear_1991,
Cyperaceae,Blysmus,Blysmus sinocompressus,NA,NA,NA,NA,NA,
Cyperaceae,Carex,Carex distans,NA,70,NA,0.37,lipnerova_evolution_2013,
Cyperaceae,Carex,Carex divisa,NA,60,NA,0.34,lipnerova_evolution_2013,
Cyperaceae,Carex,Carex divulsa,NA,58,NA,0.41,lipnerova_evolution_2013,
Cyperaceae,Carex,Carex duriuscula,NA,NA,NA,NA,NA,
Cyperaceae,Carex,Carex halleriana,NA,54,NA,0.48,lipnerova_evolution_2013,
Cyperaceae,Carex,Carex ivanoviae,NA,NA,NA,NA,NA,
Cyperaceae,Carex,Carex liparocarpos,NA,38,NA,0.53,lipnerova_evolution_2013,
Cyperaceae,Carex,Carex moorcroftii,NA,NA,NA,NA,NA,
Cyperaceae,Carex,Carex nigra,NA,84,NA,0.4,lipnerova_evolution_2013,
Cyperaceae,Carex,Carex pallescens,NA,64,NA,0.39,lipnerova_evolution_2013,
Cyperaceae,Carex,Carex pediformis,NA,NA,NA,NA,NA,
Cyperaceae,Kobresia,Kobresia,NA,NA,NA,NA,NA,
Cyperaceae,Kobresia,Kobresia capillifolia,NA,NA,NA,NA,NA,
Cyperaceae,Kobresia,Kobresia humilis,NA,NA,NA,NA,NA,
Cyperaceae,Kobresia,Kobresia kansuensis,NA,NA,NA,NA,NA,
Cyperaceae,Kobresia,Kobresia macrantha,NA,NA,NA,NA,NA,
Cyperaceae,Kobresia,Kobresia pusilla,NA,NA,NA,NA,NA,
Cyperaceae,Kobresia,Kobresia robusta,NA,NA,NA,NA,NA,
Cyperaceae,Kobresia,Kobresia stolonifera,NA,NA,NA,NA,NA,
Cyperaceae,Kobresia,Kobresia tibetica,NA,NA,NA,NA,NA,
Cyperaceae,Schoenoplectus,Schoenoplectus triqueter,NA,NA,NA,NA,NA,
Elaeagnaceae,Hippophae,Hippophae tibetana,NA,NA,NA,NA,NA,
Ericaceae,Arbutus,Arbutus,NA,NA,NA,NA,NA,
Euphorbiaceae,Acalypha,Acalypha ciliata,NA,NA,NA,NA,NA,
Euphorbiaceae,Acalypha,Acalypha hispida,NA,NA,NA,NA,NA,
Euphorbiaceae,Acalypha,Acalypha wilkesiana,NA,NA,NA,NA,NA,
Euphorbiaceae,Baliospermum,Baliospermum montanum,NA,NA,NA,NA,NA,
Euphorbiaceae,Chrozophora,Chrozophora oblongifolia,NA,NA,NA,NA,NA,
Euphorbiaceae,Codiaeum,Codiaeum variegatum,NA,NA,NA,NA,NA,
Euphorbiaceae,Croton,Croton bonplandianus,NA,NA,NA,NA,NA,
Euphorbiaceae,Dalechampia,Dalechampia scandens,NA,NA,NA,NA,NA,
Euphorbiaceae,Euphorbia,Euphorbia atrococca,NA,NA,NA,NA,NA,
Euphorbiaceae,Euphorbia,Euphorbia caeladenia,NA,NA,NA,NA,NA,
Euphorbiaceae,Euphorbia,Euphorbia celastroides var. amplectens,NA,NA,NA,NA,NA,
Euphorbiaceae,Euphorbia,Euphorbia celastroides var. kaenana,NA,NA,NA,NA,NA,
Euphorbiaceae,Euphorbia,Euphorbia celastroides var. lorifolia,NA,NA,NA,NA,NA,
Euphorbiaceae,Euphorbia,Euphorbia celastroides var. stokesii,NA,NA,NA,NA,NA,
Euphorbiaceae,Euphorbia,Euphorbia celastroides var. tomentella,NA,NA,NA,NA,NA,
Euphorbiaceae,Euphorbia,Euphorbia cognata,NA,NA,NA,NA,NA,
Euphorbiaceae,Euphorbia,Euphorbia cornigera,NA,NA,NA,NA,NA,
Euphorbiaceae,Euphorbia,Euphorbia cotinifolia,NA,NA,NA,NA,NA,
Euphorbiaceae,Euphorbia,Euphorbia densa,NA,NA,NA,NA,NA,
Euphorbiaceae,Euphorbia,Euphorbia deppeana,NA,NA,NA,NA,NA,
Euphorbiaceae,Euphorbia,Euphorbia dracunculoides,NA,NA,NA,NA,NA,
Euphorbiaceae,Euphorbia,Euphorbia granulata,NA,NA,NA,NA,NA,
Euphorbiaceae,Euphorbia,Euphorbia helioscopia,NA,NA,4,0.89,vesely_nutrient_2013,
Euphorbiaceae,Euphorbia,Euphorbia hirta,NA,NA,NA,0.7,bennett_dna_1998,
Euphorbiaceae,Euphorbia,Euphorbia hypericifolia,NA,NA,NA,NA,NA,
Euphorbiaceae,Euphorbia,Euphorbia kanaorica,NA,NA,NA,NA,NA,
Euphorbiaceae,Euphorbia,Euphorbia kansui,NA,NA,NA,NA,NA,
Euphorbiaceae,Euphorbia,Euphorbia kuwaleana,NA,NA,NA,NA,NA,
Euphorbiaceae,Euphorbia,Euphorbia maddenii,NA,NA,NA,NA,NA,
Euphorbiaceae,Euphorbia,Euphorbia micractina,NA,NA,NA,NA,NA,
Euphorbiaceae,Euphorbia,Euphorbia microphylla,NA,NA,NA,NA,NA,
Euphorbiaceae,Euphorbia,Euphorbia multiformis var. microphylla,NA,NA,NA,NA,NA,
Euphorbiaceae,Euphorbia,Euphorbia prostrata,NA,NA,NA,NA,NA,
Euphorbiaceae,Euphorbia,Euphorbia pulcherrima,NA,28,4,1.7,bennett_unpublished_1999,"Bennett MD, Price JP, Johnston S.  (pers. comm. 1999)."
Euphorbiaceae,Euphorbia,Euphorbia skottsbergii var. audens,NA,NA,NA,NA,NA,
Euphorbiaceae,Euphorbia,Euphorbia skottsbergii var. skottsbergii,NA,NA,NA,NA,NA,
Euphorbiaceae,Euphorbia,Euphorbia skottsbergii var. vaccinioides,NA,NA,NA,NA,NA,
Euphorbiaceae,Euphorbia,Euphorbia thomsoniana,NA,NA,NA,NA,NA,
Euphorbiaceae,Euphorbia,Euphorbia thyrsoidea,NA,NA,NA,NA,NA,
Euphorbiaceae,Euphorbia,Euphorbia tirucalli,NA,NA,NA,NA,NA,
Euphorbiaceae,Euphorbia,Euphorbia wallichii,NA,NA,NA,NA,NA,
Euphorbiaceae,Excoecaria,Excoecaria,NA,NA,NA,NA,NA,
Euphorbiaceae,Jatropha,Jatropha integerrima,NA,NA,NA,NA,NA,
Euphorbiaceae,Jatropha,Jatropha pandurifolia,NA,NA,NA,NA,NA,
Euphorbiaceae,Manihot,Manihot esculenta,NA,36,2,0.8,awoleye_nuclear_1994,
Euphorbiaceae,Mercurialis,Mercurialis perennis,NA,42,NA,1.53,pustahija_small_2013,
Euphorbiaceae,Pedilanthus,Pedilanthus tithymaloides,NA,NA,NA,NA,NA,
Euphorbiaceae,Ricinus,Ricinus communis,NA,22,2,1.9,ohri_nuclear_1986,
Euphorbiaceae,Sapium,Sapium sebiferum,NA,NA,NA,NA,NA,
Euphorbiaceae,Triadica,Triadica sebifera,NA,NA,NA,NA,NA,
Euphorbiaceae,Vernicia,Vernicia fordii,NA,NA,NA,NA,NA,
Fabaceae,Acacia,Acacia baileyana,NA,NA,NA,0.87,gallagher_invasiveness_2011,
Fabaceae,Acacia,Acacia farnesiana,NA,52,4,1.4,mukherjee_situ_1993,
Fabaceae,Acacia,Acacia longifolia,NA,NA,NA,NA,NA,
Fabaceae,Acacia,Acacia melanoxylon,NA,26,2,0.8,coulaud_first_1995,
Fabaceae,Anthyllis,Anthyllis boisseri,NA,NA,NA,NA,NA,
Fabaceae,Astragalus,Astragalus alyssoides,NA,NA,NA,NA,NA,
Fabaceae,Astragalus,Astragalus aureus,NA,NA,NA,NA,NA,
Fabaceae,Astragalus,Astragalus bicolor,NA,NA,NA,NA,NA,
Fabaceae,Astragalus,Astragalus glycyphyllus,NA,16,NA,0.83,vidic_selective_2009,
Fabaceae,Astragalus,Astragalus hamosus,NA,NA,NA,NA,NA,
Fabaceae,Astragalus,Astragalus hirticalyx,NA,NA,NA,NA,NA,
Fabaceae,Astragalus,Astragalus macrourus,NA,NA,NA,NA,NA,
Fabaceae,Astragalus,Astragalus microcephalus,NA,NA,NA,NA,NA,
Fabaceae,Astragalus,Astragalus onobrychioides,NA,16,NA,0.83,pustahija_small_2013,
Fabaceae,Astragalus,Astragalus pinetorum,NA,16,2,1.01,samad_phylogenetic_2014,
Fabaceae,Astragalus,Astragalus schistosus,NA,NA,NA,NA,NA,
Fabaceae,Astragalus,Astragalus sinicus,NA,NA,NA,NA,NA,
Fabaceae,Astragalus,Astragalus tanguticus,NA,NA,NA,NA,NA,
Fabaceae,Astragalus,Astragalus tribuloides,NA,NA,NA,NA,NA,
Fabaceae,Caragana,Caragana davazamcii,NA,NA,NA,NA,NA,
Fabaceae,Caragana,Caragana microphylla,NA,NA,NA,NA,NA,
Fabaceae,Caragana,Caragana pygmaea,NA,NA,NA,NA,NA,
Fabaceae,Cassia,Cassia leptophylla,NA,NA,NA,NA,NA,
Fabaceae,Ceratonia,Ceratonia siliqua,NA,24,2,0.65,ouarda_variability_2008,
Fabaceae,Cercis,Cercis canadensis,NA,NA,NA,NA,NA,
Fabaceae,Colutea,Colutea cilicica,NA,NA,NA,NA,NA,
Fabaceae,Coronilla,Coronilla scorpioides,NA,NA,NA,NA,NA,
Fabaceae,Coronilla,Coronilla varia,NA,NA,NA,NA,NA,
Fabaceae,Dorycnium,Dorycnium intermedium,NA,24,2,0.81,pustahija_small_2013,used diploid
Fabaceae,Erythrina,Erythrina caffra,NA,42,2,1.76,ohri_nuclear_2004,
Fabaceae,Glycine,Glycine max,NA,40,2,1.13,greilhuber_genome_1997,
Fabaceae,Glycyrrhiza,Glycyrrhiza uralensis,NA,NA,NA,NA,NA,
Fabaceae,Hedysarum,Hedysarum fruticosum,NA,NA,NA,NA,NA,
Fabaceae,Hippocrepis,Hippocrepis comosa,NA,28,NA,1.9,vidic_selective_2009,
Fabaceae,Hippocrepis,Hippocrepis unisiliquosa,NA,NA,NA,NA,NA,
Fabaceae,Lathyrus,Lathyrus cyaneus,NA,NA,NA,NA,NA,
Fabaceae,Lathyrus,Lathyrus laxiflorus,NA,14,2,9.6,kenton_unpublished_1988,"Kenton AY, Owens SJ. (pers. comm. 1988)."
Fabaceae,Lathyrus,Lathyrus pratensis,NA,14,2,4.54,vidic_selective_2009,used diploid
Fabaceae,Lathyrus,Lathyrus rotundifolius,NA,NA,NA,NA,NA,
Fabaceae,Lespedeza,Lespedeza davurica,NA,NA,NA,NA,NA,
Fabaceae,Lotus,Lotus aboriginus,NA,NA,NA,NA,NA,
Fabaceae,Lotus,Lotus alamosanus,NA,NA,NA,NA,NA,
Fabaceae,Lotus,Lotus alpinus,NA,12,2,0.5,borsos_cytophotometric_1973,
Fabaceae,Lotus,Lotus argophyllus,NA,NA,NA,NA,NA,
Fabaceae,Lotus,Lotus argyraeus,NA,NA,NA,NA,NA,
Fabaceae,Lotus,Lotus benthamii,NA,NA,NA,NA,NA,
Fabaceae,Lotus,Lotus bryantii,NA,NA,NA,NA,NA,
Fabaceae,Lotus,Lotus cedrosensis,NA,NA,NA,NA,NA,
Fabaceae,Lotus,Lotus collinus,NA,NA,NA,NA,NA,
Fabaceae,Lotus,Lotus corniculatus,NA,24,4,1.19,pustahija_small_2013,
Fabaceae,Lotus,Lotus corniculatus var. corniculatus,NA,18,3,0.82,loureiro_genome_2013,
Fabaceae,Lotus,Lotus corniculatus var. hirsutus,NA,NA,NA,NA,NA,
Fabaceae,Lotus,Lotus corniculatus var. japonicus,NA,NA,NA,NA,NA,
Fabaceae,Lotus,Lotus crassifolius,NA,NA,NA,NA,NA,
Fabaceae,Lotus,Lotus creticus,NA,NA,NA,NA,NA,
Fabaceae,Lotus,Lotus dendroideus,NA,NA,NA,NA,NA,
Fabaceae,Lotus,Lotus denticulatus,NA,12,2,0.35,tanaka_determination_2016,
Fabaceae,Lotus,Lotus glaber,NA,NA,NA,NA,NA,
Fabaceae,Lotus,Lotus grandiflorus,NA,NA,NA,NA,NA,
Fabaceae,Lotus,Lotus greenei,NA,NA,NA,NA,NA,
Fabaceae,Lotus,Lotus hamatus,NA,NA,NA,NA,NA,
Fabaceae,Lotus,Lotus heermannii,NA,14,2,0.4,tanaka_determination_2016,
Fabaceae,Lotus,Lotus humistratus,NA,12,2,0.36,tanaka_determination_2016,
Fabaceae,Lotus,Lotus incanus,NA,NA,NA,NA,NA,
Fabaceae,Lotus,Lotus junceus,NA,NA,NA,NA,NA,
Fabaceae,Lotus,Lotus krylovii,NA,12,2,0.5,chen_species_1973,
Fabaceae,Lotus,Lotus micranthus,NA,NA,NA,NA,NA,
Fabaceae,Lotus,Lotus nevadensis,NA,NA,NA,NA,NA,
Fabaceae,Lotus,Lotus nuttallianus,NA,NA,NA,NA,NA,
Fabaceae,Lotus,Lotus oblongifolius,NA,NA,NA,NA,NA,
Fabaceae,Lotus,Lotus ornithopodioides,NA,NA,NA,NA,NA,
Fabaceae,Lotus,Lotus oroboides,NA,NA,NA,NA,NA,
Fabaceae,Lotus,Lotus peregrinus,var. carmeli (Boiss.) Ponert,14,2,0.57,tanaka_determination_2016,
Fabaceae,Lotus,Lotus procumbens,NA,NA,NA,NA,NA,
Fabaceae,Lotus,Lotus repens,NA,NA,NA,NA,NA,
Fabaceae,Lotus,Lotus rigidus,NA,NA,NA,NA,NA,
Fabaceae,Lotus,Lotus salsuginosus,NA,12,2,0.44,tanaka_determination_2016,
Fabaceae,Lotus,Lotus scoparius,var. scoparius,14,2,0.33,tanaka_determination_2016,
Fabaceae,Lotus,Lotus stipularis,NA,NA,NA,NA,NA,
Fabaceae,Lotus,Lotus strigosus,NA,14,2,0.46,tanaka_determination_2016,
Fabaceae,Lotus,Lotus subpinnatus,NA,12,2,0.38,tanaka_determination_2016,
Fabaceae,Lotus,Lotus uliginosus,NA,12,2,0.42,tanaka_determination_2016,
Fabaceae,Lotus,Lotus unifoliatus,NA,14,2,0.28,tanaka_determination_2016,
Fabaceae,Lotus,Lotus utahensis,NA,NA,NA,NA,NA,
Fabaceae,Lotus,Lotus wrightii,NA,14,2,0.71,tanaka_determination_2016,
Fabaceae,Lotus,Lotus yollabolliensis,NA,NA,NA,NA,NA,
Fabaceae,Medicago,Medicago lupulina,NA,16,2,0.9,mowforth_intra-population_1989,
Fabaceae,Medicago,Medicago minima,NA,16,2,0.58,fyad-lameche_chromosom_2016,
Fabaceae,Medicago,Medicago rigidula,NA,NA,NA,NA,NA,
Fabaceae,Medicago,Medicago ruthenica,NA,NA,NA,NA,NA,
Fabaceae,Medicago,Medicago sativa,NA,32,4,1.72,pustahija_small_2013,
Fabaceae,Onobrychis,Onobrychis bungei,NA,NA,NA,NA,NA,
Fabaceae,Onobrychis,Onobrychis cornuta,NA,NA,NA,NA,NA,
Fabaceae,Onobrychis,Onobrychis hohenackeriana,NA,NA,NA,NA,NA,
Fabaceae,Onobrychis,Onobrychis michauxii,NA,NA,NA,NA,NA,
Fabaceae,Oxytropis,Oxytropis aciphylla,NA,NA,NA,NA,NA,
Fabaceae,Oxytropis,Oxytropis biflora,NA,NA,NA,NA,NA,
Fabaceae,Oxytropis,Oxytropis deflexa,NA,NA,NA,NA,NA,
Fabaceae,Oxytropis,Oxytropis falcata,NA,NA,NA,NA,NA,
Fabaceae,Oxytropis,Oxytropis microphylla,NA,NA,NA,NA,NA,
Fabaceae,Oxytropis,Oxytropis ochrocephala,NA,NA,NA,NA,NA,
Fabaceae,Oxytropis,Oxytropis pauciflora,NA,NA,NA,NA,NA,
Fabaceae,Oxytropis,Oxytropis sericopetala,NA,NA,NA,NA,NA,
Fabaceae,Parkinsonia,Parkinsonia aculeata,NA,28,2,0.7,ohri_unpublished_1996,Ohri D. (pers. comm. 1996)
Fabaceae,Phaseolus,Phaseolus vulgaris,NA,22,2,0.6,kenton_unpublished_1988,"Kenton AY, Owens SJ. (pers. comm. 1988)."
Fabaceae,Securigera,Securigera securidaca,NA,NA,NA,NA,NA,
Fabaceae,Sophora,Sophora alopecuroides,NA,NA,NA,NA,NA,
Fabaceae,Thermopsis,Thermopsis alpina,NA,NA,NA,NA,NA,
Fabaceae,Trifolium,Trifolium alpestre,NA,16,2,0.78,siljak-yakovlev_towards_2010,
Fabaceae,Trifolium,Trifolium angulatum,NA,NA,NA,NA,NA,
Fabaceae,Trifolium,Trifolium angustifolium,NA,NA,NA,NA,NA,
Fabaceae,Trifolium,Trifolium arvense,NA,14,2,0.39,vizintin_genetic_2006,
Fabaceae,Trifolium,Trifolium campestre,NA,14,2,0.37,vizintin_genetic_2006,
Fabaceae,Trifolium,Trifolium canescens,NA,NA,NA,NA,NA,
Fabaceae,Trifolium,Trifolium dalmaticum,NA,10,NA,3.52,pustahija_small_2013,
Fabaceae,Trifolium,Trifolium hybridum,NA,16,2,0.62,vizintin_genetic_2006,
Fabaceae,Trifolium,Trifolium incarnatum,NA,14,2,0.67,vizintin_genetic_2006,
Fabaceae,Trifolium,Trifolium medium,NA,80,10,3.23,vizintin_genetic_2006,
Fabaceae,Trifolium,Trifolium micranthum,NA,NA,NA,NA,NA,
Fabaceae,Trifolium,Trifolium montanum,NA,16,NA,1.27,pustahija_small_2013,
Fabaceae,Trifolium,Trifolium pannonicum,NA,NA,NA,5.79,siljak-yakovlev_towards_2010,
Fabaceae,Trifolium,Trifolium pratense,NA,14,2,0.43,vizintin_genetic_2006,
Fabaceae,Trifolium,Trifolium repens,NA,32,4,1.06,pustahija_small_2013,
Fabaceae,Trifolium,Trifolium scabrum,NA,NA,NA,NA,NA,
Fabaceae,Trifolium,Trifolium stellatum,NA,NA,NA,NA,NA,
Fabaceae,Trifolium,Trifolium striatum,NA,14,2,0.38,vizintin_genetic_2006,
Fabaceae,Trifolium,Trifolium trichopterum,NA,NA,NA,NA,NA,
Fabaceae,Trifolium,Trifolium velenovskyi,NA,NA,NA,NA,NA,
Fabaceae,Trigonella,Trigonella brachycarpa,NA,NA,NA,NA,NA,
Fabaceae,Trigonella,Trigonella calliceras,NA,NA,NA,NA,NA,
Fabaceae,Trigonella,Trigonella gladiata,NA,NA,NA,NA,NA,
Fabaceae,Trigonella,Trigonella monspeliaca,NA,NA,NA,NA,NA,
Fabaceae,Trigonella,Trigonella spicata,NA,NA,NA,NA,NA,
Fabaceae,Vicia,Vicia amoena,NA,24,4,8.6,li_dna_1996,
Fabaceae,Vicia,Vicia faba,NA,12,2,13.3,bennett_nuclear_1976,
Fabaceae,Vicia,Vicia faba f. equina,NA,NA,NA,NA,NA,
Fabaceae,Vicia,Vicia grandiflora,NA,14,2,3.3,chooi_variation_1971,
Fabaceae,Vicia,Vicia hybrida,NA,12,2,6.8,martin_does_1966,
Fabaceae,Vicia,Vicia truncatula,NA,NA,NA,NA,NA,
Fabaceae,Vicia,Vicia variegata,NA,NA,NA,NA,NA,
Fagaceae,Quercus,Quercus agrifolia,NA,NA,NA,NA,NA,
Fagaceae,Quercus,Quercus macranthera,NA,NA,NA,NA,NA,
Fagaceae,Quercus,Quercus petraea,NA,24,2,0.91,pustahija_small_2013,
Gentianaceae,Gentiana,Gentiana clusii,NA,NA,NA,NA,NA,
Gentianaceae,Gentiana,Gentiana cruciata,NA,NA,NA,4.43,mikula_cryopreservation_2008,
Gentianaceae,Gentiana,Gentiana gelida,NA,NA,NA,NA,NA,
Gentianaceae,Gentiana,Gentiana straminea,NA,NA,NA,NA,NA,
Gentianaceae,Gentiana,Gentiana verna,NA,NA,NA,NA,NA,
Geraniaceae,Erodium,Erodium cicutarium,NA,20,NA,1.2,pustahija_small_2013,
Geraniaceae,Geranium,Geranium lucidum,NA,NA,NA,NA,NA,
Geraniaceae,Geranium,Geranium pratense,NA,NA,NA,NA,NA,
Geraniaceae,Geranium,Geranium robertianum,NA,NA,NA,NA,NA,
Geraniaceae,Geranium,Geranium rotundifolium,NA,NA,NA,NA,NA,
Geraniaceae,Pelargonium,Pelargonium domesticum,NA,NA,NA,NA,NA,
Geraniaceae,Pelargonium,Pelargonium peltatum,NA,NA,NA,NA,NA,
Geraniaceae,Pelargonium,Pelargonium zonale,NA,NA,NA,NA,NA,
Goodeniaceae,Scaevola,Scaevola chamissoniana,NA,NA,NA,NA,NA,
Goodeniaceae,Scaevola,Scaevola coriacea,NA,NA,NA,NA,NA,
Goodeniaceae,Scaevola,Scaevola gaudichaudiana,NA,NA,NA,NA,NA,
Goodeniaceae,Scaevola,Scaevola gaudichaudii,NA,NA,NA,NA,NA,
Goodeniaceae,Scaevola,Scaevola glabra,NA,NA,NA,NA,NA,
Goodeniaceae,Scaevola,Scaevola kilaueae,NA,NA,NA,NA,NA,
Goodeniaceae,Scaevola,Scaevola mollis,NA,NA,NA,NA,NA,
Goodeniaceae,Scaevola,Scaevola procera,NA,NA,NA,NA,NA,
Goodeniaceae,Scaevola,Scaevola taccada,NA,NA,NA,NA,NA,
Grossulariaceae,Ribes,Ribes diacanthum,NA,NA,NA,NA,NA,
Hypericaceae,Hypericum,Hypericum hirsutum,NA,NA,NA,0.15,hanson_unpublished_2002,"Hanson L, Leitch IJ, Bennett MD. Unpublished data from the Jodrell Laboratory, Royal Botanic Gardens, Kew"
Hypericaceae,Hypericum,Hypericum linarioides,NA,NA,NA,NA,NA,
Hypericaceae,Hypericum,Hypericum perforatum,NA,16,2,0.39,pustahija_small_2013,used diploid
Iridaceae,Gladiolus,Gladiolus segetum,NA,NA,NA,NA,NA,
Iridaceae,Iris,Iris acutiloba,NA,NA,NA,NA,NA,
Juglandaceae,Juglans,Juglans hindsii,NA,NA,NA,NA,NA,
Juncaceae,Juncus,Juncus articulatus,NA,80,8,1.8,band_unpublished_1984,
Juncaceae,Luzula,Luzula multiflora,subsp. multiflora,24,4,0.94,bacic_luzula_2007,
Lamiaceae,Ajuga,Ajuga comata,NA,NA,NA,NA,NA,
Lamiaceae,Ajuga,Ajuga orientalis,NA,NA,NA,NA,NA,
Lamiaceae,Betonica,Betonica grandiflora,NA,NA,NA,NA,NA,
Lamiaceae,Clinopodium,Clinopodium vulgare,NA,20,NA,0.45,pustahija_small_2013,
Lamiaceae,Coleus,Coleus blumei,NA,24,4,1.7,galbraith_rapid_1983,
Lamiaceae,Lamium,Lamium album,NA,18,2,1.1,bennett_nuclear_1972,
Lamiaceae,Lamium,Lamium amplexicaule,NA,NA,NA,1.29,bou_dagher-harrat_nuclear_2013,
Lamiaceae,Marrubium,Marrubium astracanicum,NA,NA,NA,NA,NA,
Lamiaceae,Mentha,Mentha aquatica,NA,96,NA,1.5,band_unpublished_1984,
Lamiaceae,Mentha,Mentha arvensis,NA,36,NA,0.45,pustahija_small_2013,
Lamiaceae,Mentha,Mentha australis,NA,NA,NA,NA,NA,
Lamiaceae,Mentha,Mentha citrata,NA,NA,NA,NA,NA,
Lamiaceae,Mentha,Mentha diemenica,NA,NA,NA,NA,NA,
Lamiaceae,Mentha,Mentha gentilis,NA,NA,NA,NA,NA,
Lamiaceae,Mentha,Mentha longifolia,NA,24,2,0.39,hanson_unpublished_2002,"Hanson L, Leitch IJ, Bennett MD. Unpublished data from the Jodrell Laboratory, Royal Botanic Gardens, Kew"
Lamiaceae,Mentha,Mentha piperata,NA,NA,NA,0.3,olszewska_relationship_1983,
Lamiaceae,Mentha,Mentha piperita var. citrata,NA,NA,NA,NA,NA,
Lamiaceae,Mentha,Mentha piperita var. officinalis,NA,NA,NA,NA,NA,
Lamiaceae,Mentha,Mentha pulegium,NA,NA,NA,NA,NA,
Lamiaceae,Mentha,Mentha requienii,NA,NA,NA,NA,NA,
Lamiaceae,Mentha,Mentha spicata,NA,NA,NA,NA,NA,
Lamiaceae,Mentha,Mentha spicata var. crispa,NA,NA,NA,NA,NA,
Lamiaceae,Mentha,Mentha suaveolens,NA,NA,NA,NA,NA,
Lamiaceae,Mentha,Mentha sylvestris,NA,NA,NA,NA,NA,
Lamiaceae,Mentha,Mentha viridis,NA,NA,NA,NA,NA,
Lamiaceae,Nepeta,Nepeta betonicifolia,NA,NA,NA,NA,NA,
Lamiaceae,Nepeta,Nepeta haussknechtii,NA,NA,NA,NA,NA,
Lamiaceae,Origanum,Origanum vulgare,NA,30,2,0.7,mowforth_intra-population_1989,
Lamiaceae,Phlomis,Phlomis herba-venti,NA,NA,NA,NA,NA,
Lamiaceae,Phlomis,Phlomis tuberosa,NA,NA,NA,2.02,vesely_genome_2012,
Lamiaceae,Prunella,Prunella vulgaris,NA,28,2,0.65,temsch_heavy_2010,
Lamiaceae,Salvia,Salvia atropatana,NA,NA,NA,NA,NA,
Lamiaceae,Salvia,Salvia involucrata,NA,NA,NA,NA,NA,
Lamiaceae,Salvia,Salvia nemorosa,NA,14,2,0.55,siljak-yakovlev_towards_2010,
Lamiaceae,Salvia,Salvia pratensis,NA,18,2,0.46,munzbergova_effect_2009,
Lamiaceae,Salvia,Salvia sclarea,NA,22,NA,0.58,siljak-yakovlev_towards_2010,
Lamiaceae,Salvia,Salvia verticillata,NA,16,2,0.69,munzbergova_effect_2009,
Lamiaceae,Salvia,Salvia viridis,NA,NA,NA,0.43,bou_dagher-harrat_nuclear_2013,
Lamiaceae,Satureja,Satureja macrantha,NA,NA,NA,NA,NA,
Lamiaceae,Scutellaria,Scutellaria pinnatifida,NA,NA,NA,NA,NA,
Lamiaceae,Scutellaria,Scutellaria viscidula,NA,NA,NA,0.44,zhang_new_2013,
Lamiaceae,Sideritis,Sideritis montana,NA,NA,NA,NA,NA,
Lamiaceae,Stachys,Stachys asterocalyx,NA,NA,NA,NA,NA,
Lamiaceae,Stachys,Stachys byzantina,NA,NA,NA,NA,NA,
Lamiaceae,Stachys,Stachys lavandulifolia,NA,NA,NA,NA,NA,
Lamiaceae,Stachys,Stachys schtschegleevii,NA,NA,NA,NA,NA,
Lamiaceae,Teucrium,Teucrium chamaedrys,NA,NA,NA,NA,NA,
Lamiaceae,Teucrium,Teucrium polium,NA,NA,NA,NA,NA,
Lamiaceae,Thymus,Thymus kotschyanus,NA,NA,NA,NA,NA,
Lamiaceae,Thymus,Thymus mongolicus,NA,NA,NA,NA,NA,
Lamiaceae,Thymus,Thymus praecox subsp. polytrichus,NA,NA,NA,NA,NA,
Lamiaceae,Ziziphora,Ziziphora capitata,NA,NA,NA,NA,NA,
Lamiaceae,Ziziphora,Ziziphora clinopodioides,NA,NA,NA,NA,NA,
Lauraceae,Cinnamomum,Cinnamomum camphora,NA,14,2,0.6,nagl_nuclear_1977,
Liliaceae,Tulipa,Tulipa hybrid,NA,NA,NA,NA,NA,
Linaceae,Linum,Linum nervosum,NA,NA,NA,NA,NA,
Linaceae,Linum,Linum nodiflorum,NA,NA,NA,NA,NA,
Linaceae,Linum,Linum tenuifolium,NA,16,NA,2.61,pustahija_small_2013,
Loranthaceae,Passovia,Passovia ovata,NA,NA,NA,NA,NA,
Lythraceae,Lagerstroemia,Lagerstroemia sp.,NA,NA,NA,NA,NA,
Magnoliaceae,Liriodendron,Liriodendron tulipifera,NA,NA,NA,1.84,liang_development_2007,
Magnoliaceae,Magnolia,Magnolia grandiflora,NA,NA,NA,4.53,horjales_cantidades_2003,
Magnoliaceae,Magnolia,Magnolia soulangeana,NA,76,4,6,nagl_nuclear_1977,
Malvaceae,Abutilon,Abutilon,NA,NA,NA,NA,NA,
Malvaceae,Brachychiton,Brachychiton populneus,NA,NA,NA,NA,NA,
Malvaceae,Ceiba,Ceiba speciosa,NA,NA,NA,NA,NA,
Malvaceae,Gossypium,Gossypium hirsutum,NA,52,4,2.4,hendrix_estimation_2005,
Meliaceae,Melia,Melia azedarach,NA,28,NA,0.43,ohri_unpublished_2002,Ohri D. (pers. comm. 2002).
Moraceae,Ficus,Ficus elastica,NA,26,2,0.7,ohri_nuclear_1987,
Moraceae,Ficus,Ficus macrophylla,NA,NA,NA,NA,NA,
Moraceae,Ficus,Ficus microcarpa,NA,NA,NA,NA,NA,
Moraceae,Ficus,Ficus repens,NA,NA,NA,NA,NA,
Moraceae,Morus,Morus alba,NA,NA,NA,0.9,ohri_nuclear_1986,
Myrtaceae,Agonis,Agonis flexuosa,NA,NA,NA,NA,NA,
Myrtaceae,Callistemon,Callistemon,NA,NA,NA,NA,NA,
Myrtaceae,Callistemon,Callistemon rigidus,NA,NA,NA,1.56,ohri_unpublished_2002,
Myrtaceae,Callistemon,Callistemon viminalis,NA,NA,NA,NA,NA,
Myrtaceae,Eucalyptus,Eucalyptus albens,NA,NA,NA,NA,NA,
Myrtaceae,Eucalyptus,Eucalyptus blakelyi,NA,NA,NA,NA,NA,
Myrtaceae,Eucalyptus,Eucalyptus cinerea,NA,NA,NA,NA,NA,
Myrtaceae,Eucalyptus,Eucalyptus ficifolia,NA,NA,NA,NA,NA,
Myrtaceae,Eucalyptus,Eucalyptus globulus,NA,22,2,0.55,praca_nuclear_2009,
Myrtaceae,Eucalyptus,Eucalyptus maculata,NA,NA,NA,NA,NA,
Myrtaceae,Eucalyptus,Eucalyptus maidenii,NA,NA,NA,NA,NA,
Myrtaceae,Eucalyptus,Eucalyptus melanophloia,NA,NA,NA,NA,NA,
Myrtaceae,Eucalyptus,Eucalyptus melliodora,NA,NA,NA,NA,NA,
Myrtaceae,Eucalyptus,Eucalyptus sideroxylon,NA,NA,NA,NA,NA,
Myrtaceae,Eucalyptus,Eucalyptus staigeriana,NA,NA,NA,NA,NA,
Myrtaceae,Eucalyptus,Eucalyptus tereticornis,NA,22,2,0.6,grattapaglia_nuclear_1994,
Myrtaceae,Eucalyptus,Eucalyptus tessellaris,NA,NA,NA,NA,NA,
Myrtaceae,Lophostemon,Lophostemon confertus,NA,NA,NA,NA,NA,
Myrtaceae,Melaleuca,Melaleuca linariifolia,NA,NA,NA,NA,NA,
Myrtaceae,Melaleuca,Melaleuca quinquenervia,NA,NA,NA,0.97,morgan_relationship_2005,
Myrtaceae,Melaleuca,Melaleuca styphelioides,NA,NA,NA,NA,NA,
Myrtaceae,Metrosideros,Metrosideros excelsa,NA,NA,NA,NA,NA,
Oleaceae,Chionanthus,Chionanthus retusus,NA,NA,NA,NA,NA,
Oleaceae,Fraxinus,Fraxinus excelsior,NA,46,2,0.84,siljak-yakovlev_towards_2010,
Oleaceae,Fraxinus,Fraxinus velutina,NA,NA,NA,NA,NA,
Oleaceae,Jasminum,Jasminum fruticans,NA,NA,NA,NA,NA,
Oleaceae,Ligustrum,Ligustrum lucidum,NA,NA,NA,NA,NA,
Oleaceae,Ligustrum,Ligustrum vulgare,NA,46,2,1.53,pustahija_small_2013,
Onagraceae,Fuchsia,Fuchsia speciosa hort. ex,NA,NA,NA,NA,NA,
Orchidaceae,Cephalanthera,Cephalanthera damasonium,NA,36,2,16.4,kiehn_unpublished_1986,"Kiehn M, Schweizer D. (pers. comm. 1986)."
Orchidaceae,Cephalanthera,Cephalanthera kurdica,NA,NA,NA,NA,NA,
Orchidaceae,Dactylorhiza,Dactylorhiza umbrosa,NA,NA,NA,NA,NA,
Orchidaceae,Epipactis,Epipactis helleborine,NA,NA,NA,13.8,bai_new_2012,
Orchidaceae,Gymnadenia,Gymnadenia conopsea,NA,NA,NA,5.51,siljak-yakovlev_towards_2010,
Orchidaceae,Orchis,Orchis adenocheila,NA,NA,NA,NA,NA,
Orchidaceae,Orchis,Orchis punctulata,NA,NA,NA,NA,NA,
Orobanchaceae,Melampyrum,Melampyrum sylvaticum,NA,NA,NA,NA,NA,
Orobanchaceae,Pedicularis,Pedicularis alaschanica,NA,NA,NA,NA,NA,
Orobanchaceae,Pedicularis,Pedicularis integrifolia,NA,NA,NA,NA,NA,
Orobanchaceae,Pedicularis,Pedicularis sibthorpii,NA,NA,NA,NA,NA,
Orobanchaceae,Pedicularis,Pedicularis wilhelmsiana,NA,NA,NA,NA,NA,
Oxalidaceae,Oxalis,Oxalis acetosella,NA,22,NA,2.66,pustahija_small_2013,
Oxalidaceae,Oxalis,Oxalis bowiei,NA,NA,NA,NA,NA,
Papaveraceae,Papaver,Papaver glaucum,NA,14,2,3.1,srivastava_evolutionary_1991,
Papaveraceae,Papaver,Papaver orientale,NA,42,6,8.9,bennett_nuclear_1976,
Phyllanthaceae,Andrachne,Andrachne aspera,NA,NA,NA,NA,NA,
Phyllanthaceae,Andrachne,Andrachne cordifolia,NA,NA,NA,NA,NA,
Phyllanthaceae,Andrachne,Andrachne telephioides,NA,NA,NA,NA,NA,
Phyllanthaceae,Antidesma,Antidesma acidum,NA,NA,NA,NA,NA,
Phyllanthaceae,Bischofia,Bischofia javanica,NA,196,NA,1.9,ohri_nuclear_1986,
Phyllanthaceae,Breynia,Breynia nivosa,NA,NA,NA,NA,NA,
Phyllanthaceae,Bridelia,Bridelia retusa,NA,26,2,1.3,ohri_unpublished_1996,Ohri D. (pers comm. 1996)
Phyllanthaceae,Bridelia,Bridelia verrucosa,NA,NA,NA,NA,NA,
Phyllanthaceae,Flueggea,Flueggea microcarpa,NA,NA,NA,NA,NA,
Phyllanthaceae,Flueggea,Flueggea virosa,NA,NA,NA,NA,NA,
Phyllanthaceae,Glochidion,Glochidion velutinum,NA,NA,NA,NA,NA,
Pittosporaceae,Hymenosporum,Hymenosporum flavum,NA,NA,NA,NA,NA,
Pittosporaceae,Pittosporum,Pittosporum undulatum,NA,NA,NA,NA,NA,
Plantaginaceae,Digitalis,Digitalis nervosa,NA,NA,NA,NA,NA,
Plantaginaceae,Globularia,Globularia nudicaulis,NA,NA,NA,NA,NA,
Plantaginaceae,Linaria,Linaria kurdica,NA,NA,NA,NA,NA,
Plantaginaceae,Picrorhiza,Picrorhiza kurroa,NA,34,4,0.86,broderick_survey_2011,
Plantaginaceae,Plantago,Plantago lanceolata,NA,12,2,1.45,wong_variable_2012,
Plantaginaceae,Plantago,Plantago media,NA,24,4,2.78,temsch_heavy_2010,
Plantaginaceae,Plantago,Plantago ovata,NA,8,2,0.5,badr_nuclear_1987,used diploid
Plantaginaceae,Plantago,Plantago psyllium,NA,12,2,1.17,sarmistha_chromosome_1990,
Plantaginaceae,Veronica,Veronica anagallis-aquatica,NA,36,4,1.08,albach_genome_2004,
Plantaginaceae,Veronica,Veronica gentianoides,NA,48,6,1.86,albach_genome_2004,
Plantaginaceae,Veronica,Veronica multifida,NA,48,6,1.76,albach_genome_2004,
Plantaginaceae,Veronica,Veronica polita,NA,14,2,0.42,albach_genome_2004,
Plumbaginaceae,Limonium,Limonium antonii-llorensii,NA,NA,NA,NA,NA,
Plumbaginaceae,Limonium,Limonium barceloi,NA,NA,NA,NA,NA,
Plumbaginaceae,Limonium,Limonium biflorum,NA,NA,NA,NA,NA,
Plumbaginaceae,Limonium,Limonium companyonis,NA,NA,NA,NA,NA,
Plumbaginaceae,Limonium,Limonium ejulabilis,NA,NA,NA,NA,NA,
Plumbaginaceae,Limonium,Limonium gibertii,NA,NA,NA,NA,NA,
Plumbaginaceae,Limonium,Limonium grosii,NA,NA,NA,NA,NA,
Plumbaginaceae,Limonium,Limonium leonardi-llorensii,NA,NA,NA,NA,NA,
Plumbaginaceae,Limonium,Limonium magallufianum,NA,NA,NA,NA,NA,
Plumbaginaceae,Limonium,Limonium retusum,NA,NA,NA,NA,NA,
Plumbaginaceae,Plumbago,Plumbago zeylanica,NA,NA,NA,NA,NA,
Poaceae,Achnatherum,Achnatherum inebrians,NA,NA,NA,NA,NA,
Poaceae,Achnatherum,Achnatherum sibiricum,NA,NA,NA,NA,NA,
Poaceae,Achnatherum,Achnatherum splendens,NA,NA,NA,NA,NA,
Poaceae,Aegilops,Aegilops kotschyi,NA,28,4,12.3,furuta_quantitative_1975,
Poaceae,Aegilops,Aegilops tauschii,NA,NA,NA,NA,NA,
Poaceae,Agropyron,Agropyron imbricatum,NA,NA,NA,NA,NA,
Poaceae,Agropyron,Agropyron tsukushiense,NA,NA,NA,NA,NA,
Poaceae,Agrostis,Agrostis canina,NA,NA,NA,3.4,band_unpublished_1984,
Poaceae,Alopecurus,Alopecurus apiatus,NA,NA,NA,NA,NA,
Poaceae,Alopecurus,Alopecurus arundinaceus,NA,NA,NA,NA,NA,
Poaceae,Alopecurus,Alopecurus textilis,NA,NA,NA,NA,NA,
Poaceae,Arrhenatherum,Arrhenatherum elatius var. subhirsutum,NA,28,4,8,grime_variation_1982,
Poaceae,Arundinella,Arundinella hirta,NA,NA,NA,NA,NA,
Poaceae,Arundo,Arundo donax,NA,NA,NA,2.8,zonneveld_first_2005,
Poaceae,Avena,Avena barbata,NA,28,4,8.21,yan_genome_2016,
Poaceae,Avena,Avena eriantha,NA,14,2,5.09,yan_genome_2016,
Poaceae,Avena,Avena sativa,NA,42,6,12.85,yan_genome_2016,
Poaceae,Bothriochloa,Bothriochloa ischaemum,NA,NA,NA,NA,NA,
Poaceae,Brachiaria,Brachiaria dictyoneura,NA,NA,NA,NA,NA,
Poaceae,Brachypodium,Brachypodium sylvaticum,NA,18,2,0.43,wolny_comparative_2009,
Poaceae,Briza,Briza media,NA,14,2,5.2,schifino_karyotypes_1983,used diploid
Poaceae,Bromus,Bromus adjaricus,NA,NA,NA,NA,NA,
Poaceae,Bromus,Bromus catharticus,NA,NA,NA,NA,NA,
Poaceae,Bromus,Bromus japonicus,NA,14,2,5.5,bennett_nuclear_1976,
Poaceae,Bromus,Bromus ramosus,NA,NA,NA,NA,NA,
Poaceae,Bromus,Bromus scoparius,NA,14,2,4.8,bennett_nuclear_1976,
Poaceae,Bromus,Bromus sterilis,NA,14,2,2.98,pustahija_small_2013,
Poaceae,Bromus,Bromus tectorum,NA,14,2,3.3,bennett_nuclear_1976,
Poaceae,Bromus,Bromus tomentellus,NA,NA,NA,NA,NA,
Poaceae,Calamagrostis,Calamagrostis epigeios,NA,NA,NA,2.2,zonneveld_first_2005,
Poaceae,Catabrosa,Catabrosa aquatica,NA,22,NA,3.2,kenton_unpublished_1988,"Kenton AY, Owens SJ. (pers. comm. 1988)."
Poaceae,Chloris,Chloris gayana,NA,20,2,0.3,bennett_nuclear_1976,
Poaceae,Chrysopogon,Chrysopogon gryllus,NA,NA,NA,NA,NA,
Poaceae,Cleistogenes,Cleistogenes squarrosa,NA,NA,NA,NA,NA,
Poaceae,Coix,Coix lacryma-jobi var. ma-yuen,NA,20,4,1.6,bennett_nuclear_1976,
Poaceae,Cynodon,Cynodon dactylon,NA,NA,NA,0.8,bennett_dna_1998,
Poaceae,Dactylis,Dactylis glomerata,NA,14,2,3.3,creber_variation_1994,used diploid
Poaceae,Danthoniopsis,Danthoniopsis dinteri,NA,NA,NA,NA,NA,
Poaceae,Digitaria,Digitaria sanguinalis,NA,54,6,1.2,bennett_dna_1998,
Poaceae,Echinochloa,Echinochloa colona,NA,NA,NA,1.4,bennett_dna_1998,
Poaceae,Echinochloa,Echinochloa crus-galli,NA,NA,NA,1.4,olszewska_relationship_1983,
Poaceae,Echinochloa,Echinochloa crus-galli var. edulis,NA,NA,NA,NA,NA,
Poaceae,Echinochloa,Echinochloa crus-galli var. frumentacea,NA,NA,NA,NA,NA,
Poaceae,Echinochloa,Echinochloa crus-galli var. hispidula,NA,NA,NA,NA,NA,
Poaceae,Echinochloa,Echinochloa esculenta,NA,NA,NA,NA,NA,
Poaceae,Eleusine,Eleusine coracana,NA,40,4,1.6,bennett_nuclear_1976,
Poaceae,Eleusine,Eleusine indica,NA,20,2,0.7,bennett_nuclear_1976,
Poaceae,Elymus,Elymus nutans,NA,NA,NA,NA,NA,
Poaceae,Eragrostis,Eragrostis curvula,NA,NA,NA,NA,NA,
Poaceae,Eragrostis,Eragrostis ferruginea,NA,NA,NA,NA,NA,
Poaceae,Eriachne,Eriachne aristidea,NA,NA,NA,NA,NA,
Poaceae,Eriochloa,Eriochloa sericea,NA,NA,NA,NA,NA,
Poaceae,Fargesia,Fargesia spathacea,NA,NA,NA,NA,NA,
Poaceae,Festuca,Festuca ovina,NA,28,4,4.8,grime_variation_1982,
Poaceae,Festuca,Festuca sulcata,NA,NA,NA,NA,NA,
Poaceae,Helictotrichon,Helictotrichon pubescens,NA,14,2,5.4,smarda_ecological_2014,
Poaceae,Heteropogon,Heteropogon contortus,NA,NA,NA,NA,NA,
Poaceae,Hordeum,Hordeum bulbosum,NA,14,2,4.44,jakob_considerable_2004,
Poaceae,Hordeum,Hordeum violaceum,NA,14,2,5.5,bennett_nuclear_1976,
Poaceae,Hordeum,Hordeum vulgare,cv. Sultan,14,2,5.5,bennett_nuclear_1976,
Poaceae,Hordeum,Hordeum vulgare var. hexastichon,NA,NA,NA,NA,NA,
Poaceae,Hymenachne,Hymenachne indica,NA,NA,NA,NA,NA,
Poaceae,Imperata,Imperata cylindrica,NA,NA,NA,5.4,bennett_dna_1998,
Poaceae,Ischaemum,Ischaemum afrum,NA,NA,NA,NA,NA,
Poaceae,Koeleria,Koeleria macrantha,subsp. macrantha var. pseudoglauca,14,2,2.43,pecinka_nuclear_2006,used diploid
Poaceae,Leptochloa,Leptochloa chinensis,NA,NA,NA,NA,NA,
Poaceae,Leymus,Leymus chinensis,NA,28,4,9.9,vogel_nuclear_1999,
Poaceae,Leymus,Leymus secalinus,NA,28,4,10.8,vogel_nuclear_1999,
Poaceae,Miscanthus,Miscanthus sinensis,var. condensatus 'Cosmopolitan',38,2,2.61,chae_plant_2014,used diploid
Poaceae,Molinia,Molinia caerulea,NA,36,4,2.5,mowforth_intra-population_1989,
Poaceae,Oplismenus,Oplismenus undulatifolius,NA,NA,NA,NA,NA,
Poaceae,Oryza,Oryza alta,NA,48,4,1.05,ammiraju_oryza_2006,
Poaceae,Oryza,Oryza australiensis,NA,NA,NA,NA,NA,
Poaceae,Oryza,Oryza barthii,NA,24,2,0.6,sen_nuclear_1978,
Poaceae,Oryza,Oryza brachyantha,NA,24,2,0.4,uozu_repetitive_1997,
Poaceae,Oryza,Oryza coarctata,NA,NA,NA,NA,NA,
Poaceae,Oryza,Oryza glaberrima,NA,24,2,0.8,sen_nuclear_1978,
Poaceae,Oryza,Oryza glumaepatula,NA,24,2,0.5,uozu_repetitive_1997,
Poaceae,Oryza,Oryza latifolia,NA,48,4,1.2,martinez_nuclear_1994,
Poaceae,Oryza,Oryza longistaminata,NA,24,2,0.8,sen_nuclear_1978,
Poaceae,Oryza,Oryza meridionalis,NA,24,2,0.5,uozu_repetitive_1997,
Poaceae,Oryza,Oryza minuta,NA,48,4,1.7,sen_nuclear_1978,
Poaceae,Oryza,Oryza nivara,NA,24,2,0.47,ammiraju_oryza_2006,
Poaceae,Oryza,Oryza officinalis,NA,24,2,0.68,ammiraju_oryza_2006,
Poaceae,Oryza,Oryza punctata,NA,24,2,0.6,uozu_repetitive_1997,used diploid
Poaceae,Oryza,Oryza rhizomatis,NA,NA,NA,NA,NA,
Poaceae,Oryza,Oryza rufipogon,NA,24,2,0.46,ammiraju_oryza_2006,
Poaceae,Oryza,Oryza sativa,cv. IR36,24,2,0.5,bennett_nuclear_1976,
Poaceae,Panicum,Panicum antidotale,NA,NA,NA,NA,NA,
Poaceae,Panicum,Panicum bisulcatum,NA,NA,NA,NA,NA,
Poaceae,Panicum,Panicum coloratum,NA,NA,NA,NA,NA,
Poaceae,Panicum,Panicum dichotomiflorum,NA,54,6,1.7,bennett_dna_1998,
Poaceae,Panicum,Panicum maximum,NA,NA,NA,NA,NA,
Poaceae,Panicum,Panicum miliaceum,NA,NA,NA,NA,NA,
Poaceae,Panicum,Panicum virgatum,population SWG-24,36,4,1.4,hopkins_chromosome_1996,
Poaceae,Paspalum,Paspalum dilatatum,Virasoro,40,4,1.15,vaio_nuclear_2007,used tetraploid
Poaceae,Paspalum,Paspalum distichum,NA,NA,NA,NA,NA,
Poaceae,Paspalum,Paspalum macrophyllum,NA,NA,NA,NA,NA,
Poaceae,Pennisetum,Pennisetum alopecuroides,NA,18,2,1,martel_genome_1997,
Poaceae,Phalaris,Phalaris arundinacea,NA,28,4,4.1,kadir_dna_1974,
Poaceae,Phragmites,Phragmites australis,NA,48,4,2,meyerson_ploidy_2016,used tetraploid
Poaceae,Poa,Poa aitchisonii,NA,NA,NA,NA,NA,
Poaceae,Psammochloa,Psammochloa villosa,NA,NA,NA,NA,NA,
Poaceae,Saccharum,Saccharum,NA,NA,NA,NA,NA,
Poaceae,Saccharum,Saccharum officinarum,NA,64,8,3.2,dhont_unpublished_1999,DHont A.  (pers. comm. 1999).
Poaceae,Saccharum,Saccharum sinense,NA,NA,NA,4.34,arumuganathan_nuclear_1991,
Poaceae,Saccharum,Saccharum spontaneum,(SUK),NA,NA,6.3,bennett_nuclear_1976,
Poaceae,Sesleria,Sesleria caerulea,NA,28,4,4.6,lysak_estimation_1998,
Poaceae,Setaria,Setaria viridis,NA,18,2,0.8,bennett_dna_1998,
Poaceae,Sorghum,Sorghum bicolor,subsp. bicolor race durra,20,2,0.7,laurie_nuclear_1985,used diploid
Poaceae,Sorghum,Sorghum sudanense,NA,20,4,4.5,paroda_nuclear_1971,
Poaceae,Sporobolus,Sporobolus airoides,NA,NA,NA,NA,NA,
Poaceae,Sporobolus,Sporobolus elongatus,NA,NA,NA,NA,NA,
Poaceae,Stenotaphrum,Stenotaphrum secundatum,NA,18,2,0.54,arumuganathan_nuclear_1999,ar
Poaceae,Stipa,Stipa aliena,NA,NA,NA,NA,NA,
Poaceae,Stipa,Stipa baicalensis,NA,NA,NA,NA,NA,
Poaceae,Stipa,Stipa breviflora,NA,NA,NA,NA,NA,
Poaceae,Stipa,Stipa caucasica,NA,NA,NA,NA,NA,
Poaceae,Stipa,Stipa caucasica subsp. glareosa,NA,NA,NA,NA,NA,
Poaceae,Stipa,Stipa grandis,NA,NA,NA,NA,NA,
Poaceae,Stipa,Stipa purpurea,NA,NA,NA,NA,NA,
Poaceae,Stipa,Stipa sareptana,NA,NA,NA,NA,NA,
Poaceae,Stipa,Stipa tianschanica var. gobica,NA,NA,NA,NA,NA,
Poaceae,Stipa,Stipa tianschanica var. klemenzii,NA,NA,NA,NA,NA,
Poaceae,Triticum,Triticum aestivum,cv. Chinese Spring,42,6,17.3,bennett_nuclear_1976,
Poaceae,Triticum,Triticum sativum,NA,NA,NA,NA,NA,
Poaceae,Vetiveria,Vetiveria sp.,NA,NA,NA,NA,NA,
Poaceae,Zea,Zea mais,NA,NA,NA,NA,NA,
Poaceae,Zea,Zea mays,subsp. mays W64A,20,2,2.7,bennett_nuclear_1976,
Poaceae,Zizania,Zizania latifolia,NA,NA,NA,NA,NA,
Poaceae,Zoysia,Zoysia japonica,NA,40,4,0.43,arumuganathan_nuclear_1999,
Poaceae,Zoysia,Zoysia tenuifolia,NA,NA,NA,NA,NA,
Polygalaceae,Polygala,Polygala chamaebuxus,NA,NA,NA,NA,NA,
Polygonaceae,Atraphaxis,Atraphaxis spinosa,NA,NA,NA,NA,NA,
Polygonaceae,Fagopyrum,Fagopyrum esculentum,NA,32,4,2.75,nagano_genome_2000,
Polygonaceae,Polygonum,Polygonum alpestre,NA,NA,NA,NA,NA,
Polygonaceae,Polygonum,Polygonum divaricatum,NA,NA,NA,NA,NA,
Polygonaceae,Polygonum,Polygonum macrophyllum,NA,NA,NA,NA,NA,
Polygonaceae,Polygonum,Polygonum viviparum,NA,NA,NA,NA,NA,
Polygonaceae,Rheum,Rheum emodi,NA,NA,NA,NA,NA,
Polygonaceae,Rumex,Rumex acetoselloides,NA,NA,NA,NA,NA,
Polygonaceae,Rumex,Rumex tuberosus,NA,NA,NA,NA,NA,
Pontederiaceae,Pontederia,Pontederia cordata,NA,16,2,0.8,kenton_unpublished_1988,"Kenton AY, Owens SJ. (pers. comm. 1988)."
Primulaceae,Anagallis,Anagallis arvensis,cv. caerulea,40,4,1.8,bennett_dna_1998,
Primulaceae,Androsace,Androsace villosa,NA,NA,NA,NA,NA,
Primulaceae,Cyclamen,Cyclamen latifolium,NA,NA,NA,NA,NA,
Primulaceae,Primula,Primula auriculata,NA,NA,NA,NA,NA,
Primulaceae,Primula,Primula macrocalyx,NA,NA,NA,NA,NA,
Primulaceae,Primula,Primula obconica,NA,NA,NA,NA,NA,
Primulaceae,Primula,Primula sinensis,NA,NA,NA,NA,NA,
Primulaceae,Soldanella,Soldanella alpina,NA,NA,NA,NA,NA,
Proteaceae,Stenocarpus,Stenocarpus sinuatus,NA,22,2,1.17,jordan_environmental_2014,
Ranunculaceae,Aconitum,Aconitum delphinifolium,NA,NA,NA,NA,NA,
Ranunculaceae,Actaea,Actaea alba,NA,NA,NA,NA,NA,
Ranunculaceae,Actaea,Actaea rubra,NA,NA,NA,10,bai_new_2012,
Ranunculaceae,Adonis,Adonis aestivalis,NA,NA,NA,NA,NA,
Ranunculaceae,Anemone,Anemone albana,NA,NA,NA,NA,NA,
Ranunculaceae,Anemone,Anemone nemorosa,NA,32,4,17.99,pustahija_small_2013,
Ranunculaceae,Aquilegia,Aquilegia vulgaris,NA,14,2,0.39,pustahija_small_2013,
Ranunculaceae,Caltha,Caltha leptosepala,NA,NA,NA,NA,NA,
Ranunculaceae,Caltha,Caltha palustris,NA,56,7,16.5,bennett_nuclear_1972,
Ranunculaceae,Caltha,"Caltha palustris var. minor,",NA,NA,NA,NA,NA,
Ranunculaceae,Caltha,Caltha palustris var. stagnalis,NA,NA,NA,NA,NA,
Ranunculaceae,Clematis,Clematis connata,NA,NA,NA,NA,NA,
Ranunculaceae,Clematis,Clematis florida,NA,NA,NA,NA,NA,
Ranunculaceae,Clematis,Clematis gouriana,NA,NA,NA,NA,NA,
Ranunculaceae,Clematis,Clematis hedysarifolia,NA,NA,NA,NA,NA,
Ranunculaceae,Clematis,Clematis integrifolia,NA,NA,NA,NA,NA,
Ranunculaceae,Clematis,Clematis paniculata,NA,NA,NA,NA,NA,
Ranunculaceae,Clematis,Clematis trifoliata,NA,NA,NA,NA,NA,
Ranunculaceae,Delphinium,Delphinium ajacis,NA,16,2,4.3,bennett_nuclear_1976,
Ranunculaceae,Delphinium,Delphinium belladonna,NA,NA,NA,NA,NA,
Ranunculaceae,Delphinium,Delphinium brunonianum,NA,NA,NA,NA,NA,
Ranunculaceae,Delphinium,Delphinium californicum,NA,NA,NA,NA,NA,
Ranunculaceae,Delphinium,Delphinium chinense,NA,NA,NA,NA,NA,
Ranunculaceae,Delphinium,Delphinium consolida,NA,16,2,4.3,bennett_nuclear_1976,
Ranunculaceae,Delphinium,Delphinium formosum,NA,NA,NA,NA,NA,
Ranunculaceae,Delphinium,Delphinium grandiflorum,NA,NA,NA,NA,NA,
Ranunculaceae,Delphinium,Delphinium tuberosum,NA,NA,NA,NA,NA,
Ranunculaceae,Hepatica,Hepatica nobilis,var. nobilis,14,2,19.15,mabuchi_nuclear_2005,
Ranunculaceae,Leptopyrum,Leptopyrum fumarioides,NA,NA,NA,NA,NA,
Ranunculaceae,Myosurus,Myosurus minimus,NA,16,2,1.1,bennett_nuclear_1976,
Ranunculaceae,Naravelia,Naravelia zeylanica,NA,NA,NA,NA,NA,
Ranunculaceae,Nigella,Nigella damascena,NA,12,2,10.5,evans_relationship_1972,
Ranunculaceae,Nigella,Nigella hispanica,NA,NA,NA,NA,NA,
Ranunculaceae,Ranunculus,Ranunculus acris,NA,NA,NA,NA,NA,
Ranunculaceae,Ranunculus,Ranunculus arvensis,NA,32,4,6.1,smith_dna_1975,
Ranunculaceae,Ranunculus,Ranunculus asiaticus,NA,16,2,7.6,goepfert_karyotypes_1974,
Ranunculaceae,Ranunculus,Ranunculus caucasicus,NA,NA,NA,NA,NA,
Ranunculaceae,Ranunculus,Ranunculus constantinopolitanus,NA,42,6,12.1,goepfert_karyotypes_1974,
Ranunculaceae,Ranunculus,Ranunculus lanuginosus,NA,28,4,9.4,goepfert_karyotypes_1974,
Ranunculaceae,Ranunculus,Ranunculus polyanthemos,NA,16,2,6.2,goepfert_karyotypes_1974,
Ranunculaceae,Ranunculus,Ranunculus reniformis,NA,NA,NA,NA,NA,
Ranunculaceae,Ranunculus,Ranunculus sceleratus,NA,32,4,4,smith_dna_1975,
Ranunculaceae,Ranunculus,Ranunculus strigillosus,NA,NA,NA,NA,NA,
Ranunculaceae,Ranunculus,Ranunculus subpinnatus,NA,NA,NA,NA,NA,
Ranunculaceae,Ranunculus,Ranunculus wallichianus,NA,NA,NA,NA,NA,
Ranunculaceae,Thalictrum,Thalictrum bulgaricum,NA,NA,NA,NA,NA,
Ranunculaceae,Thalictrum,Thalictrum dipterocarpum,NA,NA,NA,NA,NA,
Ranunculaceae,Thalictrum,Thalictrum flavum subsp. glaucum,NA,NA,NA,NA,NA,
Ranunculaceae,Thalictrum,Thalictrum foetidum,NA,NA,NA,NA,NA,
Ranunculaceae,Thalictrum,Thalictrum lucidum,NA,28,4,0.64,soza_timing_2013,
Ranunculaceae,Thalictrum,Thalictrum minus,NA,NA,NA,0.7,soza_timing_2013,
Ranunculaceae,Thalictrum,Thalictrum simplex,NA,NA,NA,1.32,soza_timing_2013,
Ranunculaceae,Thalictrum,Thalictrum squarrosum,NA,NA,NA,NA,NA,
Ranunculaceae,Trollius,Trollius europaeus,cv. Orange King,NA,NA,4.42,zonneveld_first_2005,
Rhamnaceae,Paliurus,Paliurus,NA,NA,NA,NA,NA,
Rhamnaceae,Rhamnus,Rhamnus cathartica,NA,24,NA,0.58,pustahija_small_2013,
Rhamnaceae,Rhamnus,Rhamnus pallasii,NA,NA,NA,NA,NA,
Rosaceae,Agrimonia,Agrimonia eupatoria,NA,28,NA,1.49,pustahija_small_2013,
Rosaceae,Alchemilla,Alchemilla erythropoda,NA,NA,NA,NA,NA,
Rosaceae,Alchemilla,Alchemilla fluminea,NA,NA,NA,NA,NA,
Rosaceae,Alchemilla,Alchemilla persica,NA,NA,NA,NA,NA,
Rosaceae,Alchemilla,Alchemilla pseudocartalinica,NA,NA,NA,NA,NA,
Rosaceae,Alchemilla,Alchemilla sericata,NA,NA,NA,NA,NA,
Rosaceae,Amygdalus,Amygdalus fenzliana,NA,NA,NA,NA,NA,
Rosaceae,Cerasus,Cerasus avium,NA,NA,NA,NA,NA,
Rosaceae,Cerasus,Cerasus incana,NA,NA,NA,NA,NA,
Rosaceae,Cotoneaster,Cotoneaster nummularioides,NA,NA,NA,NA,NA,
Rosaceae,Cotoneaster,Cotoneaster nummularius,NA,NA,NA,NA,NA,
Rosaceae,Crataegus,Crataegus meyeri,NA,NA,NA,NA,NA,
Rosaceae,Eriobotrya,Eriobotrya deflexa,NA,NA,NA,NA,NA,
Rosaceae,Filipendula,Filipendula vulgaris,NA,NA,NA,NA,NA,
Rosaceae,Fragaria,Fragaria vesca,NA,14,2,0.25,temsch_heavy_2010,
Rosaceae,Geum,Geum rivale,NA,NA,NA,NA,NA,
Rosaceae,Geum,Geum urbanum,NA,42,NA,1.51,pustahija_small_2013,
Rosaceae,Malus,Malus,NA,NA,NA,NA,NA,
Rosaceae,Mespilus,Mespilus germanica,NA,34,2,0.7,dickson_nuclear_1992,
Rosaceae,Potentilla,Potentilla aucheriana,NA,NA,NA,NA,NA,
Rosaceae,Potentilla,Potentilla bifurca,NA,NA,NA,NA,NA,
Rosaceae,Potentilla,Potentilla erecta,NA,28,NA,0.45,vidic_selective_2009,
Rosaceae,Potentilla,Potentilla fructicosa,NA,NA,NA,NA,NA,
Rosaceae,Potentilla,Potentilla glabra,NA,NA,NA,NA,NA,
Rosaceae,Potentilla,Potentilla inclinata,NA,NA,NA,NA,NA,
Rosaceae,Potentilla,Potentilla parvifolia,NA,NA,NA,NA,NA,
Rosaceae,Potentilla,Potentilla recta,NA,NA,NA,0.57,siljak-yakovlev_towards_2010,
Rosaceae,Potentilla,Potentilla szovitsii,NA,NA,NA,NA,NA,
Rosaceae,Potentilla,Potentilla tanacetifolia,NA,NA,NA,NA,NA,
Rosaceae,Potentilla,Potentilla virgata var. pinnatifida,NA,NA,NA,NA,NA,
Rosaceae,Prunus,Prunus cerasifera,NA,NA,NA,NA,NA,
Rosaceae,Prunus,Prunus divaricata,NA,NA,NA,NA,NA,
Rosaceae,Prunus,Prunus serrulata,NA,NA,NA,NA,NA,
Rosaceae,Prunus,Prunus spinosa,NA,NA,NA,NA,NA,
Rosaceae,Pyrus,Pyrus calleryana,NA,34,2,0.6,dickson_nuclear_1992,
Rosaceae,Pyrus,Pyrus kawakamii,NA,NA,NA,NA,NA,
Rosaceae,Pyrus,Pyrus syriaca,NA,NA,NA,NA,NA,
Rosaceae,Rosa,Rosa canina,agg.,35,5,1.4,greilhuber_self-tanning_1987,
Rosaceae,Rosa,Rosa iberica,NA,NA,NA,NA,NA,
Rosaceae,Rosa,Rosa pimpinellifolia,NA,NA,NA,NA,NA,
Rosaceae,Sanguisorba,Sanguisorba minor,NA,28,4,0.56,pustahija_small_2013,
Rosaceae,Sanguisorba,Sanguisorba officinalis,NA,NA,NA,NA,NA,
Rosaceae,Sorbus,Sorbus torminalis,NA,51,3,1.12,siljak-yakovlev_towards_2010,
Rosaceae,Spiraea,Spiraea crenata,NA,18,2,0.2,dickson_nuclear_1992,
Rosaceae,Spiraea,Spiraea hypericifolia,NA,NA,NA,NA,NA,
Rubiaceae,Asperula,Asperula glomerata,NA,NA,NA,NA,NA,
Rubiaceae,Asperula,Asperula molluginoides,NA,NA,NA,NA,NA,
Rubiaceae,Callipeltis,Callipeltis cucullaris,NA,NA,NA,NA,NA,
Rubiaceae,Cruciata,Cruciata laevipes,NA,NA,NA,NA,NA,
Rubiaceae,Cruciata,Cruciata taurica,NA,NA,NA,NA,NA,
Rubiaceae,Galium,Galium aparine,NA,NA,NA,1.45,bai_new_2012,
Rubiaceae,Galium,Galium odoratum,NA,NA,NA,NA,NA,
Rubiaceae,Galium,Galium verum,NA,44,4,1.89,temsch_heavy_2010,
Rubiaceae,Sherardia,Sherardia arvensis,NA,NA,NA,NA,NA,
Rutaceae,Geijera,Geijera parviflora,NA,NA,NA,NA,NA,
Salicaceae,Populus,Populus alba,NA,NA,NA,0.63,ohri_nuclear_2004,
Salicaceae,Populus,Populus nigra,NA,38,2,0.49,pustahija_small_2013,
Salicaceae,Populus,Populus sp.,NA,NA,NA,NA,NA,
Salicaceae,Salix,Salix cheilophila,NA,NA,NA,NA,NA,
Salicaceae,Salix,Salix cupularis,NA,NA,NA,NA,NA,
Salicaceae,Salix,Salix gordejevii,NA,NA,NA,NA,NA,
Salicaceae,Salix,Salix pentandra,NA,NA,NA,NA,NA,
Sapindaceae,Acer,Acer campestre,NA,52,4,1.35,siljak-yakovlev_towards_2010,
Sapindaceae,Acer,Acer hyrcanum,NA,NA,NA,NA,NA,
Sapindaceae,Acer,Acer monspessulanum,NA,26,2,0.73,siljak-yakovlev_towards_2010,
Sapindaceae,Acer,Acer palmatum,NA,NA,NA,NA,NA,
Sapindaceae,Aesculus,Aesculus californica,NA,NA,NA,NA,NA,
Sapindaceae,Cupaniopsis,Cupaniopsis anacardioides,NA,NA,NA,NA,NA,
Sapindaceae,Koelreuteria,Koelreuteria bipinnata,NA,NA,NA,NA,NA,
Sapindaceae,Koelreuteria,Koelreuteria elegans,NA,NA,NA,NA,NA,
Sapindaceae,Koelreuteria,Koelreuteria paniculata,NA,NA,NA,NA,NA,
Scrophulariaceae,Myoporum,Myoporum laetum,NA,NA,NA,NA,NA,
Scrophulariaceae,Myoporum,Myoporum serratum,NA,NA,NA,NA,NA,
Scrophulariaceae,Scrophularia,Scrophularia oxysepala,NA,NA,NA,NA,NA,
Scrophulariaceae,Scrophularia,Scrophularia umbrosa,NA,NA,NA,NA,NA,
Scrophulariaceae,Scrophularia,Scrophularia variegata,NA,NA,NA,NA,NA,
Scrophulariaceae,Verbascum,Verbascum orientale,NA,NA,NA,NA,NA,
Scrophulariaceae,Verbascum,Verbascum speciosum,NA,NA,NA,NA,NA,
Scrophulariaceae,Verbascum,Verbascum suworowianum,NA,NA,NA,NA,NA,
Simaroubaceae,Ailanthus,Ailanthus altissima,NA,28,NA,1.04,pustahija_small_2013,
Solanaceae,Cestrum,Cestrum elegans,NA,NA,NA,NA,NA,
Solanaceae,Lycopersicon,Lycopersicon esculentum,Stupick poln ran,24,2,1.06,kron_using_2012,
Solanaceae,Nicotiana,Nicotiana tabacum,NA,48,4,5.18,leitch_ups_2008,
Solanaceae,Solanum,Solanum aculeatissimum,NA,NA,NA,NA,NA,
Solanaceae,Solanum,Solanum alatum,NA,24,2,1.4,bennett_nuclear_1976,
Solanaceae,Solanum,Solanum arcanum,NA,NA,NA,NA,NA,
Solanaceae,Solanum,Solanum aviculare,NA,46,4,0.9,bennett_nuclear_1976,
Solanaceae,Solanum,Solanum aviculare var. albiflorum,NA,NA,NA,NA,NA,
Solanaceae,Solanum,Solanum boerhaavii,NA,NA,NA,NA,NA,
Solanaceae,Solanum,Solanum chacoense,NA,24,2,0.6,bennett_nuclear_1976,
Solanaceae,Solanum,Solanum cheesmaniae,NA,NA,NA,NA,NA,
Solanaceae,Solanum,Solanum chilense,NA,NA,NA,NA,NA,
Solanaceae,Solanum,Solanum chmielewskii,NA,NA,NA,NA,NA,
Solanaceae,Solanum,Solanum dulcamara,NA,20,NA,1.1,pustahija_small_2013,
Solanaceae,Solanum,Solanum duplosinuatum,NA,NA,NA,NA,NA,
Solanaceae,Solanum,Solanum galapagense,NA,NA,NA,NA,NA,
Solanaceae,Solanum,Solanum giganteum,NA,24,2,1.9,bennett_nuclear_1976,
Solanaceae,Solanum,Solanum habrochaites,NA,NA,NA,NA,NA,
Solanaceae,Solanum,Solanum humboldtii,NA,NA,NA,NA,NA,
Solanaceae,Solanum,Solanum incanum,NA,24,2,1.2,bennett_nuclear_1976,
Solanaceae,Solanum,Solanum integrifolium,NA,NA,NA,NA,NA,
Solanaceae,Solanum,Solanum laciniatum,NA,92,4,1.8,bennett_nuclear_1976,
Solanaceae,Solanum,Solanum luteum,NA,48,4,2,bennett_nuclear_1976,
Solanaceae,Solanum,Solanum lycopersicoides,NA,NA,NA,NA,NA,
Solanaceae,Solanum,Solanum lycopersicum var. cerasiforme,Stupick poln ran,24,2,1.06,kron_using_2012,
Solanaceae,Solanum,Solanum neorickii,NA,NA,NA,NA,NA,
Solanaceae,Solanum,Solanum nigrum,NA,72,6,3.1,pustahija_small_2013,
Solanaceae,Solanum,Solanum pennellii,NA,NA,NA,NA,NA,
Solanaceae,Solanum,Solanum pennellii var. puberulum,NA,NA,NA,NA,NA,
Solanaceae,Solanum,Solanum peruvianum,NA,NA,NA,NA,NA,
Solanaceae,Solanum,Solanum pimpinellifolium,NA,NA,NA,NA,NA,
Solanaceae,Solanum,Solanum pyracantha,NA,NA,NA,NA,NA,
Solanaceae,Solanum,Solanum simile,NA,NA,NA,NA,NA,
Solanaceae,Solanum,Solanum sitiens,NA,NA,NA,NA,NA,
Solanaceae,Solanum,Solanum sodomaeum,NA,NA,NA,NA,NA,
Solanaceae,Solanum,Solanum sodomeum,NA,NA,NA,NA,NA,
Solanaceae,Solanum,Solanum symonii,NA,NA,NA,NA,NA,
Solanaceae,Solanum,Solanum triflorum,NA,NA,NA,NA,NA,
Solanaceae,Solanum,Solanum tuberosum,NA,24,2,0.89,marie_cytometric_1993,used diploid
Thymelaeaceae,Diarthron,Diarthron linifolium,NA,NA,NA,NA,NA,
Thymelaeaceae,Stellera,Stellera chamaejasme,NA,NA,NA,NA,NA,
Tropaeolaceae,Tropaeolum,Tropaeolum majus,NA,28,2,1.4,nagl_nuclear_1977,used diploid
Typhaceae,Typha,Typha angustifolia,NA,30,2,0.23,smarda_ecological_2014,
Typhaceae,Typha,Typha orientalis,NA,NA,NA,NA,NA,
Ulmaceae,Ulmus,Ulmus glabra,NA,56,4,1.99,pustahija_small_2013,
Ulmaceae,Ulmus,Ulmus minor,NA,NA,NA,2.13,loureiro_genome_2007,
Ulmaceae,Ulmus,Ulmus parvifolia,NA,NA,NA,NA,NA,
Ulmaceae,Ulmus,Ulmus pumila,NA,NA,NA,NA,NA,
Ulmaceae,Zelkova,Zelkova serrata,NA,NA,NA,NA,NA,
Violaceae,Viola,Viola arvensis,NA,NA,NA,NA,NA,
Violaceae,Viola,Viola betonicifolia,NA,NA,NA,NA,NA,
Violaceae,Viola,Viola canescens,NA,NA,NA,NA,NA,
Violaceae,Viola,Viola odorata,NA,NA,NA,NA,NA,
Violaceae,Viola,Viola pilosa,NA,NA,NA,NA,NA,
Vitaceae,Vitis,Vitis vinifera,cv. Pinot Noiri,38,2,0.4,lodhi_nuclear_1995,
Zingiberaceae,Alpinia,Alpinia japonica,NA,NA,NA,NA,NA,
Zingiberaceae,Hedychium,Hedychium spicatum,NA,NA,NA,NA,NA,
Zygophyllaceae,Balanites,Balanites aegyptiaca,NA,NA,NA,NA,NA,